,pop,SNP_count,SNP_count_AD>=2
CAACTTGCAGGAAGATGGTCACTCTCCAGTCTAAGGGTCGGTAAA,P_4,562773.0,569004.0
GTGAGACTAGGATGGTCACTACTCAGGACATCAAGGACATCGTCA,P_0,380141.0,384101.0
CGCTAGTTAGGAGTCTGCTAACTCGGAACTGTAAGGGTGACTCTA,P_2,332035.0,334151.0
GTAATGCCAGGACGACAAGAACTCACAGTAGCAAGGGTGACTCTA,P_2,265586.0,268177.0
ACCTCGTAAGGATACAGCAGACTCGGAACTGTAAGGCGGTTGATA,P_5,262768.0,264861.0
CGGTAGAAAGGAACCTTCAGACTCTCTGCTTGAAGGTTGACCACA,P_3,249232.0,251239.0
ATACGACCAGGAAACGATGGACTCCGAACTTGAAGGGTGACTCTA,P_2,241015.0,242147.0
CAACCAACAGGAGTCTGCTAACTCAGAATGCCAAGGGTGACTCTA,P_2,228136.0,229632.0
CGCTAGTTAGGAAACTGCTCACTCTCTGCTTGAAGGGTCGGTAAA,P_4,202824.0,203857.0
ACTAACCGAGGAAGATGGTCACTCTCTGGAACAAGGGTCCGATTA,P_5,201753.0,203771.0
CAACCAACAGGAAGGCATTGACTCCGAACTTGAAGGTGACAGTGA,P_4,196483.0,196686.0
GTAATGCCAGGAAGGCTAACACTCGCAATGACAAGGCTGTGAACA,P_0,195484.0,196824.0
GGTCTCATAGGAGGACGAATACTCAGCATTGGAAGGGTCCGATTA,P_5,194184.0,195467.0
TGTGGTTGAGGACGCTACTAACTCCGCCAATAAAGGTGACAGTGA,P_4,189458.0,190056.0
AAGGCTTGAGGACGACAAGAACTCCGCCAATAAAGGGTAACCGAA,P_5,181345.0,182794.0
GTGTAAGCAGGAAACGATGGACTCCGCCAATAAAGGCGACCTATA,P_3,179258.0,180907.0
GTAATGCCAGGAAGGCATTGACTCGCAATGACAAGGGTCCGATTA,P_5,178913.0,179570.0
TATCAGCCAGGAAGACCGATACTCAGACGAACAAGGGTGACTCTA,P_2,177082.0,178266.0
CAACCAACAGGAGGACGAATACTCTCTGCTTGAAGGGTCGGTAAA,P_4,176683.0,177203.0
CAACTTGCAGGAAGGCTAACACTCAGCATTGGAAGGGTGACTCTA,P_2,174660.0,175540.0
ATCGACAGAGGAGGAACCAAACTCCGAACTTGAAGGTCCAGGATA,P_1,167143.0,168250.0
TACCACAGAGGAAGACCGATACTCCATCGTTGAAGGGTGACTCTA,P_2,163773.0,164825.0
AGGTCCAAAGGACCATACGAACTCGTGTGATGAAGGGTCGGTAAA,P_4,160496.0,160620.0
TGTGGTTGAGGAAACGATGGACTCCGCCAATAAAGGGTGACTCTA,P_2,160199.0,160896.0
ATACGACCAGGAGGAACCAAACTCGCAATGACAAGGCACTGACAA,P_4,160175.0,160166.0
ATACGACCAGGACGACATTCACTCAGCATTGGAAGGGACAGCATA,P_5,159654.0,160119.0
AGGTCCAAAGGAGGAACCAAACTCCGCCAATAAAGGGTCCGATTA,P_5,159384.0,160726.0
TACCACAGAGGACGCTACTAACTCAGACGAACAAGGTGGTCTCAA,P_1,158765.0,160045.0
GTGGTGATAGGACGCTACTAACTCAGGTCGTAAAGGGTGACTCTA,P_2,158258.0,159151.0
CAACCAACAGGATGGTCACTACTCGTGTGATGAAGGGTGACTCTA,P_2,156075.0,156457.0
GTAATGCCAGGAAACGATGGACTCCGAACTTGAAGGGTCCGATTA,P_5,155768.0,156781.0
CAACCAACAGGACGACATTCACTCGGAACTGTAAGGGTCCGATTA,P_5,154872.0,155891.0
ATATGCGGAGGACGACAAGAACTCTCTGCTTGAAGGGTCGGTAAA,P_4,154212.0,154949.0
CAACCAACAGGAAACGATGGACTCCACCATCTAAGGGTGACTCTA,P_2,153782.0,155028.0
GTGTAAGCAGGAAACTGCTCACTCAGCATTGGAAGGCGGTTGATA,P_5,153739.0,154816.0
GGTCTCATAGGAAACGATGGACTCGGAACTGTAAGGGTGACTCTA,P_2,153000.0,153898.0
CGCTAGTTAGGAAACTGCTCACTCGCAATGACAAGGGTGACTCTA,P_2,152763.0,153392.0
GTGGTGATAGGAAAGGTGACACTCTCCAGTCTAAGGGACAGCATA,P_5,152433.0,153638.0
ACTAACCGAGGAGGAACCAAACTCGCTGGATAAAGGCGGTTGATA,P_5,148591.0,149659.0
GTAATGCCAGGAAGGCATTGACTCACAGTAGCAAGGGTGACTCTA,P_2,147118.0,147402.0
GTGGTGATAGGAAGACCGATACTCAGACGAACAAGGGTCCGATTA,P_5,145737.0,146776.0
GTGTAAGCAGGACGACAAGAACTCGCAATGACAAGGGTGACTCTA,P_2,145485.0,146420.0
GGTCTCATAGGAGATACCGAACTCTACAACCGAAGGGTGACTCTA,P_2,145243.0,145509.0
GTGGTGATAGGAAGGCATTGACTCACAGTAGCAAGGGTGACTCTA,P_2,144117.0,144707.0
CGGTAGAAAGGACGACAAGAACTCCATCGTTGAAGGGTGACTCTA,P_2,144109.0,144790.0
TACCACAGAGGAAGATGGTCACTCACAGTAGCAAGGGTGACTCTA,P_2,143539.0,144272.0
ACCTCGTAAGGATTCGGTAGACTCCACCATCTAAGGGTTACGGTA,P_0,143043.0,143994.0
CAACCAACAGGAAACGATGGACTCCACCATCTAAGGGACAGCATA,P_5,142926.0,143835.0
GTGTAAGCAGGATTGGTAGCACTCAGCATTGGAAGGGTCCGATTA,P_5,142764.0,143776.0
AGGTCCAAAGGACGCTACTAACTCAGCATTGGAAGGGTCCGATTA,P_5,142600.0,143462.0
TATCAGCCAGGAACCTTCAGACTCTGCTATGGAAGGGACAGCATA,P_5,141289.0,142125.0
GTAATGCCAGGAGGAACCAAACTCCACCATCTAAGGGTGACTCTA,P_2,141238.0,141841.0
TACCACAGAGGATTCGGTAGACTCCACCATCTAAGGGTGACTCTA,P_2,141180.0,142037.0
CGCTAGTTAGGAAGGCTAACACTCAGCATTGGAAGGGTGACTCTA,P_2,139727.0,140743.0
TATCAGCCAGGAAGACCGATACTCAGAATGCCAAGGCGGTTGATA,P_5,139595.0,140301.0
ATCGACAGAGGATTGGTAGCACTCCAGGTGAAAAGGCGGTTGATA,P_5,139321.0,140428.0
GTGAGACTAGGACACCTTGAACTCAGCATTGGAAGGGTGACTCTA,P_2,139006.0,139557.0
TATCAGCCAGGAGGACGAATACTCAGACGAACAAGGGTGACTCTA,P_2,138275.0,139036.0
AATGGCAGAGGACGACATTCACTCAGACGAACAAGGGTGACTCTA,P_2,137916.0,138747.0
GTGAGACTAGGATACAGCAGACTCTACAACCGAAGGGTCCGATTA,P_5,137768.0,138886.0
GTGGTGATAGGAAGACCGATACTCAGAATGCCAAGGGTCGGTAAA,P_4,137586.0,138056.0
GGTTGATGAGGAAGGCTAACACTCCGCCAATAAAGGGTGACTCTA,P_2,137234.0,138167.0
CAACCAACAGGAAGACCGATACTCGCAATGACAAGGCTGTGAACA,P_0,136314.0,136671.0
TATCAGCCAGGAACCTTCAGACTCGGAACTGTAAGGCGGTTGATA,P_5,134290.0,134976.0
GGTCTCATAGGAATGGTGTGACTCCACCATCTAAGGACATCGTCA,P_0,134239.0,134590.0
CAACCAACAGGAAACTGCTCACTCGGAACTGTAAGGGTCGGTAAA,P_4,133676.0,134020.0
AAGGCTTGAGGAAGATGGTCACTCGCAATGACAAGGGATGGTCTA,P_3,133534.0,134337.0
TGTGGTTGAGGACTTCAGCAACTCGTGTGATGAAGGGTCGGTAAA,P_4,133338.0,133805.0
ATATGCGGAGGAAACTGCTCACTCAGGACATCAAGGGTGACTCTA,P_2,133208.0,133960.0
TATCAGCCAGGAAACTGCTCACTCGGAACTGTAAGGGTGACTCTA,P_2,133010.0,133877.0
CAACTTGCAGGAAGACCGATACTCCACCATCTAAGGGTGACTCTA,P_2,132905.0,133098.0
TATCCGGTAGGAGGACGAATACTCCGCCAATAAAGGGTGACTCTA,P_2,132648.0,133506.0
CAACCAACAGGAGTCTGCTAACTCAGAATGCCAAGGGTCCGATTA,P_5,131706.0,132074.0
CAACCAACAGGATTGGTAGCACTCTCTGCTTGAAGGGTGACTCTA,P_2,131330.0,132273.0
TATCAGCCAGGAGTCTGCTAACTCCATCGTTGAAGGGTCCGATTA,P_5,130951.0,131391.0
GGTCATTGAGGACGCTACTAACTCAGGTCGTAAAGGGTGACTCTA,P_2,130897.0,131453.0
CGGTAGAAAGGACGCTACTAACTCCGAACTTGAAGGGTCGGTAAA,P_4,130275.0,130427.0
ATCGACAGAGGATACAGCAGACTCGCTGGATAAAGGGATGGTCTA,P_3,129689.0,130104.0
GTGAGACTAGGAGATACCGAACTCCGCCAATAAAGGCGACCTATA,P_2,129295.0,130332.0
GTGAGACTAGGAGGACGAATACTCAGACGAACAAGGGTCGGTAAA,P_4,129218.0,129934.0
TACCACAGAGGACGACAAGAACTCTACAACCGAAGGCGACCTATA,P_3,128531.0,129612.0
CGGTAGAAAGGAAGGCATTGACTCCACCATCTAAGGGTGACTCTA,P_2,128261.0,128780.0
TATCCGGTAGGAAAGGTGACACTCGGAACTGTAAGGGTCCGATTA,P_5,128244.0,129056.0
TGTGGTTGAGGACGCTACTAACTCGCAATGACAAGGTGGTCTCAA,P_1,128230.0,128572.0
ACCTCGTAAGGAAACTGCTCACTCAGAATGCCAAGGTTGGATGCA,P_0,126999.0,127889.0
GGTCTCATAGGACGACATTCACTCCGAACTTGAAGGGTCGGTAAA,P_4,125986.0,126000.0
AAGGCTTGAGGATTCGGTAGACTCTACAACCGAAGGGTCCGATTA,P_5,124700.0,125612.0
AGGTCCAAAGGACTGCTCAAACTCAGGTCGTAAAGGGTGACTCTA,P_2,124127.0,124856.0
ATATGCGGAGGAAACGATGGACTCAGAATGCCAAGGGTCGGTAAA,P_4,123634.0,123769.0
GTGAGACTAGGATTGGTAGCACTCAGAATGCCAAGGGTCCGATTA,P_5,123512.0,124539.0
TACCACAGAGGAAGGCATTGACTCGCAATGACAAGGGTGACTCTA,P_2,123500.0,123966.0
TACCACAGAGGATGGTCACTACTCAGACACCAAAGGGTCGGTAAA,P_4,123462.0,123892.0
CGACAGTAAGGACGACATTCACTCCGCCAATAAAGGTGGTCTCAA,P_1,123329.0,123986.0
ATATGCGGAGGAAAGGTGACACTCTGCTATGGAAGGCGGTTGATA,P_5,122626.0,123716.0
GTGGTGATAGGACGACAAGAACTCTCCAGTCTAAGGGTCCGATTA,P_5,122265.0,123249.0
TACCACAGAGGAAGGCATTGACTCTCCAGTCTAAGGGTGACTCTA,P_2,122094.0,122679.0
GTGGTGATAGGAAAGGTGACACTCTGCTATGGAAGGGTGACTCTA,P_2,121789.0,122400.0
TGTGGTTGAGGACGCTACTAACTCTCCAGTCTAAGGGTCCGATTA,P_5,121486.0,122020.0
TGTGGTTGAGGATTCGGTAGACTCCATCGTTGAAGGGTCGGTAAA,P_4,120837.0,121662.0
GTGGTGATAGGAAGACCGATACTCCATCGTTGAAGGCGGTTGATA,P_5,120509.0,121492.0
CGCTAGTTAGGAGGACGAATACTCGGAACTGTAAGGCGGTTGATA,P_5,120435.0,121290.0
AGGTCCAAAGGAGGACGAATACTCCGAACTTGAAGGGTGACTCTA,P_2,119521.0,120139.0
GTAATGCCAGGAAAGGTGACACTCCGAACTTGAAGGGATGGTCTA,P_3,119203.0,120068.0
TACCACAGAGGAAGACCGATACTCCGCCAATAAAGGCGGTTGATA,P_5,118752.0,119521.0
CGGTAGAAAGGAAACGATGGACTCTACAACCGAAGGCACTGACAA,P_4,118747.0,119116.0
ATATGCGGAGGAGGAACCAAACTCAGGTCGTAAAGGTGGTCTCAA,P_1,117617.0,118354.0
GTGAGACTAGGAAGACCGATACTCAGACACCAAAGGCGACCTATA,P_3,117585.0,118251.0
AATGGCAGAGGAGTCTGCTAACTCAGACGAACAAGGGTCGGTAAA,P_4,117286.0,117499.0
GGTCATTGAGGATGGTCACTACTCCACCATCTAAGGCGACCTATA,P_3,117212.0,118293.0
GTAATGCCAGGAAGACCGATACTCGGAACTGTAAGGCGGTTGATA,P_5,116966.0,118232.0
TATCCGGTAGGAGTCTGCTAACTCTCTGCTTGAAGGGTGACTCTA,P_2,116805.0,117281.0
GTGTAAGCAGGAAAGGTGACACTCGGAACTGTAAGGCACTGACAA,P_4,116670.0,116786.0
AGGTCCAAAGGAAACGATGGACTCACAGTAGCAAGGGTGACTCTA,P_2,116574.0,117104.0
GTGAGACTAGGAGATACCGAACTCCATCGTTGAAGGGTCGGTAAA,P_2,115808.0,115931.0
GGTCATTGAGGACGACAAGAACTCTCTGCTTGAAGGGTGACTCTA,P_2,115686.0,116065.0
CAACTTGCAGGAACCTTCAGACTCAGAATGCCAAGGGTCCGATTA,P_5,115671.0,116414.0
TACCACAGAGGACGACATTCACTCCGCCAATAAAGGGTCGGTAAA,P_4,115439.0,116220.0
TATCAGCCAGGACGCTACTAACTCTCCAGTCTAAGGGTGACTCTA,P_2,115413.0,115945.0
ATATGCGGAGGAAGACCGATACTCGGAACTGTAAGGGTGACTCTA,P_2,114901.0,115495.0
TATCAGCCAGGAAACTGCTCACTCTACAACCGAAGGGTGACTCTA,P_2,114750.0,115057.0
CAACTTGCAGGAGTCTGCTAACTCCGAACTTGAAGGGTGACTCTA,P_2,114672.0,115199.0
TATCCGGTAGGATTCGGTAGACTCCGAACTTGAAGGGTAACCGAA,P_5,114172.0,114965.0
AGGTCCAAAGGAGTCTGCTAACTCTCTGCTTGAAGGGTCGGTAAA,P_4,114160.0,114695.0
GTGAGACTAGGAGTCTGCTAACTCGCTGGATAAAGGGTCCGATTA,P_5,114151.0,114819.0
CGGTAGAAAGGACGCTACTAACTCGCAATGACAAGGGTTACGGTA,P_0,114011.0,114395.0
TATCAGCCAGGAGATACCGAACTCAGAATGCCAAGGTTGGATGCA,P_0,113937.0,114634.0
GTGGTGATAGGAAGATGGTCACTCTAACGGAGAAGGTGACAGTGA,P_4,113831.0,113989.0
CGGTAGAAAGGAAGATGGTCACTCCGCCAATAAAGGCGGTTGATA,P_5,113668.0,114407.0
GTGTAAGCAGGAAGGCTAACACTCCGCCAATAAAGGGTGACTCTA,P_2,113652.0,114004.0
TATCAGCCAGGATTGGTAGCACTCACAGTAGCAAGGGTGACTCTA,P_2,113561.0,114132.0
GTGAGACTAGGATTGGTAGCACTCACAGTAGCAAGGGTGACTCTA,P_2,113375.0,113725.0
GGTCATTGAGGAAACTGCTCACTCGGAACTGTAAGGGTGACTCTA,P_2,112812.0,113343.0
ATATGCGGAGGACGACAAGAACTCGCTGGATAAAGGGTGACTCTA,P_2,112622.0,112621.0
TGTGGTTGAGGAAGGCATTGACTCAGAATGCCAAGGGTGACTCTA,P_2,112542.0,113074.0
TATCAGCCAGGACGACATTCACTCAGAATGCCAAGGTGACAGTGA,P_4,112534.0,112795.0
CAACCAACAGGATACAGCAGACTCCATCGTTGAAGGCACTGACAA,P_4,112465.0,112285.0
AGGTCCAAAGGATTGGTAGCACTCCACCATCTAAGGGTCCGATTA,P_5,112424.0,112953.0
CAACCAACAGGAGGAACCAAACTCGCTGGATAAAGGGTCGGTAAA,P_4,111951.0,111842.0
ACCTCGTAAGGAGTCTGCTAACTCTCTGCTTGAAGGGTCCGATTA,P_5,111704.0,112318.0
ATACGACCAGGAAGACCGATACTCTACAACCGAAGGGATGGTCTA,P_3,110878.0,111502.0
ACCTCGTAAGGAGTCTGCTAACTCTAACGGAGAAGGGTGACTCTA,P_2,109859.0,110391.0
AAGGCTTGAGGAGTCTGCTAACTCTGCTATGGAAGGACATCGTCA,P_0,109795.0,110454.0
TATCAGCCAGGACGACATTCACTCAGCATTGGAAGGCGACCTATA,P_3,109699.0,110247.0
ACCTCGTAAGGAAGACCGATACTCGCTGGATAAAGGGTCCGATTA,P_5,109484.0,110010.0
TACCACAGAGGAGGAACCAAACTCTAACGGAGAAGGGTCGGTAAA,P_4,109424.0,110218.0
GTGAGACTAGGAAACGATGGACTCGCTGGATAAAGGTTGGATGCA,P_0,109355.0,110054.0
TATCAGCCAGGAGGACGAATACTCCGCCAATAAAGGCGGTTGATA,P_5,108783.0,109231.0
AAGGCTTGAGGAAACTGCTCACTCAGAATGCCAAGGGTCGGTAAA,P_4,108440.0,108882.0
GTGTAAGCAGGATTGGTAGCACTCTCTGGAACAAGGGTGACTCTA,P_2,107766.0,108456.0
AAGGCTTGAGGAAACGATGGACTCAGAATGCCAAGGGTCGGTAAA,P_4,107743.0,108317.0
TGTGGTTGAGGACGACATTCACTCTCCAGTCTAAGGGTCGGTAAA,P_4,107631.0,108081.0
TATCCGGTAGGAGGACGAATACTCAGCATTGGAAGGCTGTGAACA,P_0,107531.0,108297.0
CGCTAGTTAGGACCATACGAACTCAGGTCGTAAAGGGTGACTCTA,P_2,107516.0,107802.0
TACCACAGAGGACACCTTGAACTCTGCTATGGAAGGCGGTTGATA,P_5,107442.0,108391.0
GTGAGACTAGGAGATACCGAACTCCGAACTTGAAGGGTCCGATTA,P_2,107405.0,108084.0
GTGTAAGCAGGACGCTACTAACTCAGAATGCCAAGGGTCGGTAAA,P_4,106897.0,107127.0
GTGAGACTAGGAAGACCGATACTCTAACGGAGAAGGCGACCTATA,P_3,106885.0,107639.0
GTGGTGATAGGAAGACCGATACTCCGAACTTGAAGGGTCGGTAAA,P_4,106867.0,107078.0
TATCAGCCAGGATGGTCACTACTCCGCCAATAAAGGCGGTAAGTA,P_4,106306.0,106744.0
GTGAGACTAGGAAACGATGGACTCAGCATTGGAAGGCGGTTGATA,P_5,106168.0,106789.0
GTGAGACTAGGAATGGTGTGACTCAGGACATCAAGGGTGACTCTA,P_2,105890.0,106385.0
GTGTAAGCAGGACTGCTCAAACTCAGACACCAAAGGCACTGACAA,P_4,105505.0,105727.0
TACCACAGAGGACTTCAGCAACTCCACCATCTAAGGGTGACTCTA,P_2,105334.0,105855.0
AGGTCCAAAGGACACCTTGAACTCTCCAGTCTAAGGTTGGATGCA,P_0,105139.0,105898.0
GTGTAAGCAGGACGACAAGAACTCTGCTATGGAAGGGTGACTCTA,P_2,104891.0,105367.0
ATATGCGGAGGATTGGTAGCACTCCGCCAATAAAGGCGACCTATA,P_3,104485.0,105490.0
CGCTAGTTAGGAACCTTCAGACTCACAGTAGCAAGGTGACAGTGA,P_4,104202.0,104493.0
CAACCAACAGGACACCTTGAACTCGCTGGATAAAGGGTCCGATTA,P_5,104152.0,104864.0
GTGAGACTAGGACTGCTCAAACTCCGAACTTGAAGGCACTGACAA,P_4,103730.0,103944.0
GTAATGCCAGGAGGACGAATACTCTACAACCGAAGGCACTGACAA,P_4,103373.0,103659.0
AGGTCCAAAGGATTCGGTAGACTCAGGTCGTAAAGGGTGACTCTA,P_2,102995.0,103527.0
TACCACAGAGGACGACATTCACTCTAACGGAGAAGGCACTGACAA,P_4,102738.0,103127.0
CGGTAGAAAGGAGGACGAATACTCAGCATTGGAAGGCGGTTGATA,P_5,102405.0,103003.0
GGTCTCATAGGACTGCTCAAACTCCATCGTTGAAGGGTCGGTAAA,P_4,102397.0,102447.0
GTAATGCCAGGACTTCAGCAACTCAGACGAACAAGGGTGACTCTA,P_2,102363.0,102723.0
GGTTGATGAGGAAGGCTAACACTCTAACGGAGAAGGGTCGGTAAA,P_4,102305.0,103101.0
CGGTAGAAAGGACTGCTCAAACTCCGCCAATAAAGGACATCGTCA,P_0,101955.0,102571.0
TATCAGCCAGGATTCGGTAGACTCCGAACTTGAAGGACATCGTCA,P_0,101927.0,102135.0
AAGGCTTGAGGACGCTACTAACTCTCCAGTCTAAGGGTCGGTAAA,P_4,101643.0,102385.0
TATCAGCCAGGAGGACGAATACTCAGGACATCAAGGGTGACTCTA,P_2,101612.0,102139.0
TGTGGTTGAGGAAGACCGATACTCCAGGTGAAAAGGCACTGACAA,P_4,101604.0,102025.0
AAGGCTTGAGGAAACGATGGACTCAGACACCAAAGGCGGTTGATA,P_5,101474.0,102225.0
GTAATGCCAGGAAACGATGGACTCGGAACTGTAAGGTGGTCTCAA,P_1,101405.0,101902.0
CGCTAGTTAGGAAACTGCTCACTCAGGTCGTAAAGGACATCGTCA,P_0,101250.0,101766.0
CGCTAGTTAGGAGGACGAATACTCGTGTGATGAAGGTTGATGGCA,P_2,101194.0,102011.0
CGCTAGTTAGGAGGACGAATACTCGCAATGACAAGGCGACCTATA,P_3,101183.0,101921.0
GGTCTCATAGGAATGGTGTGACTCAGGTCGTAAAGGGTGACTCTA,P_2,100919.0,101733.0
ATATGCGGAGGATTCGGTAGACTCCGAACTTGAAGGCACTGACAA,P_4,100918.0,101394.0
ATACGACCAGGATACAGCAGACTCTATGCGACAAGGGATGGTCTA,P_3,100610.0,100852.0
ATATGCGGAGGAACCTTCAGACTCTGCTATGGAAGGCGACCTATA,P_3,100597.0,101275.0
GTGGTGATAGGAGGAACCAAACTCCATCGTTGAAGGGTGACTCTA,P_2,100431.0,101042.0
AAGGCTTGAGGAAAGGTGACACTCTGCTATGGAAGGGTGACTCTA,P_2,100358.0,100752.0
CAACCAACAGGAACCTTCAGACTCGCTGGATAAAGGTGACAGTGA,P_4,100233.0,100412.0
GTAATGCCAGGAAACGATGGACTCCGCCAATAAAGGGTTACGGTA,P_0,100142.0,100925.0
ATATGCGGAGGACTGCTCAAACTCACAGTAGCAAGGGTGACTCTA,P_2,100005.0,100447.0
GGTCTCATAGGAAGACCGATACTCTATGCGACAAGGCACTGACAA,P_4,99996.0,100363.0
GTGTAAGCAGGAGTCTGCTAACTCTACAACCGAAGGCGACCTATA,P_3,99326.0,99841.0
GTGAGACTAGGAAAGGTGACACTCTAACGGAGAAGGGTCGGTAAA,P_4,99289.0,99695.0
TACCACAGAGGACTTCAGCAACTCGGAACTGTAAGGTTGACCACA,P_3,99043.0,99402.0
GTGGTGATAGGATACAGCAGACTCAGACGAACAAGGCACTGACAA,P_4,98583.0,99136.0
CGCTAGTTAGGACGCTACTAACTCCACCATCTAAGGGTCCGATTA,P_5,98480.0,98958.0
GTGAGACTAGGACCATACGAACTCTGCTATGGAAGGGTGACTCTA,P_2,98438.0,98717.0
GGTTGATGAGGAAGATGGTCACTCTCCAGTCTAAGGGTCCGATTA,P_5,98103.0,98901.0
AGGTCCAAAGGAAGACCGATACTCGCTGGATAAAGGCACTGACAA,P_4,98025.0,98439.0
GTGGTGATAGGATGGTCACTACTCCGAACTTGAAGGGATGGTCTA,P_3,98020.0,98471.0
GGTTGATGAGGAAACGATGGACTCCGCCAATAAAGGCGACCTATA,P_3,97958.0,98896.0
AAGGCTTGAGGACTGCTCAAACTCGCTGGATAAAGGGTCCGATTA,P_5,97926.0,98146.0
ACCTCGTAAGGACGACATTCACTCGTGTGATGAAGGCACTGACAA,P_4,97540.0,97610.0
ACCTCGTAAGGAGGAACCAAACTCCATCGTTGAAGGCACTGACAA,P_4,97517.0,98165.0
GTGGTGATAGGAATGGTGTGACTCCATCGTTGAAGGGTGACTCTA,P_2,97462.0,98133.0
GGTCTCATAGGACGCTACTAACTCCGCCAATAAAGGCGGTTGATA,P_5,97425.0,97807.0
TATCAGCCAGGAATGGTGTGACTCTCCAGTCTAAGGGTCGGTAAA,P_2,97376.0,97890.0
CAACTTGCAGGAAGGCTAACACTCGCAATGACAAGGGTCGGTAAA,P_4,97087.0,97251.0
CGGTAGAAAGGAACCTTCAGACTCAGCATTGGAAGGACATCGTCA,P_0,96870.0,97495.0
GGTCTCATAGGATTCGGTAGACTCAGAATGCCAAGGTGACAGTGA,P_4,96866.0,96970.0
ATCGACAGAGGACGCTACTAACTCAGGACATCAAGGGTGACTCTA,P_2,96853.0,97353.0
GTGGTGATAGGATTCGGTAGACTCACAGTAGCAAGGGTCGGTAAA,P_4,96673.0,96948.0
GGTCTCATAGGAGTCTGCTAACTCGCTGGATAAAGGCACTGACAA,P_4,96627.0,96839.0
CGGTAGAAAGGAAACTGCTCACTCGCAATGACAAGGGTGACTCTA,P_2,96609.0,97089.0
ACCTCGTAAGGAAAGGTGACACTCAGACGAACAAGGCACTGACAA,P_4,96363.0,96540.0
GTGGTGATAGGAACCTTCAGACTCGGAACTGTAAGGGTGACTCTA,P_2,96170.0,96663.0
AAGGCTTGAGGACGACATTCACTCCGAACTTGAAGGCACTGACAA,P_4,96014.0,96328.0
CGGTAGAAAGGAAGACCGATACTCGGAACTGTAAGGACATCGTCA,P_0,96001.0,96402.0
CGGTAGAAAGGACGACAAGAACTCAGCATTGGAAGGGTCGGTAAA,P_4,95417.0,95953.0
GGTCTCATAGGAAACTGCTCACTCGCTGGATAAAGGCGACCTATA,P_3,95357.0,95889.0
GTAATGCCAGGAAACGATGGACTCAGACGAACAAGGCGACCTATA,P_3,95328.0,96225.0
ATATGCGGAGGATGGTCACTACTCAGACGAACAAGGGTGACTCTA,P_2,95314.0,95913.0
GTGGTGATAGGAGGACGAATACTCAGCATTGGAAGGTGGTCTCAA,P_1,95301.0,95719.0
GGTCATTGAGGACGACAAGAACTCAGAATGCCAAGGACATCGTCA,P_0,95173.0,95700.0
AAGGCTTGAGGACGACAAGAACTCACAGTAGCAAGGGTCGGTAAA,P_4,95153.0,95329.0
ACTAACCGAGGAGGACGAATACTCTCTGGAACAAGGGTGACTCTA,P_2,95035.0,95244.0
GTAATGCCAGGAAGACCGATACTCACAGTAGCAAGGGTCGGTAAA,P_4,94961.0,95439.0
GTGAGACTAGGACGCTACTAACTCAGCATTGGAAGGGTGACTCTA,P_2,94959.0,95543.0
CGCTAGTTAGGAAGGCTAACACTCAGCATTGGAAGGCACTGACAA,P_4,94920.0,95128.0
GGTTGATGAGGAAACGATGGACTCAGACGAACAAGGCGACCTATA,P_3,94653.0,95457.0
GTAATGCCAGGATTGGTAGCACTCTGCTATGGAAGGGTGACTCTA,P_2,94091.0,94433.0
GGTTGATGAGGATTGGTAGCACTCTATGCGACAAGGGTCCGATTA,P_5,94046.0,94783.0
TGTGGTTGAGGATTCGGTAGACTCCGAACTTGAAGGCGGTTGATA,P_5,93964.0,94596.0
CGCTAGTTAGGAAGACCGATACTCACAGTAGCAAGGCGACCTATA,P_3,93799.0,94493.0
TATCCGGTAGGAAGGCATTGACTCAGAATGCCAAGGCACTGACAA,P_4,93327.0,93895.0
AGGTCCAAAGGAACCTTCAGACTCAGACGAACAAGGGTCGGTAAA,P_4,93286.0,93827.0
TGTGGTTGAGGAGGAACCAAACTCTATGCGACAAGGGTCCGATTA,P_5,93285.0,94117.0
ACTAACCGAGGAGGACGAATACTCGCAATGACAAGGGTGACTCTA,P_2,93201.0,94056.0
CAACCAACAGGACGCTACTAACTCAGCATTGGAAGGGACAGCATA,P_5,93199.0,93606.0
CGGTAGAAAGGATTCGGTAGACTCGCTGGATAAAGGCACTGACAA,P_4,93013.0,93420.0
GTGGTGATAGGAGGAACCAAACTCCGAACTTGAAGGGTCGGTAAA,P_4,92907.0,93151.0
CGACAGTAAGGACGCTACTAACTCAGGACATCAAGGGTGACTCTA,P_2,92880.0,92953.0
CGCTAGTTAGGACGACATTCACTCAGCATTGGAAGGGTCGGTAAA,P_4,92621.0,92833.0
TGTGGTTGAGGAAGACCGATACTCCAGGTGAAAAGGGTCCGATTA,P_5,92590.0,93361.0
GGTCTCATAGGAAGGCATTGACTCGGAACTGTAAGGACATCGTCA,P_0,92527.0,93108.0
TATCAGCCAGGAGGAACCAAACTCTCCAGTCTAAGGCACTGACAA,P_4,92504.0,92923.0
CGGTAGAAAGGAAGACCGATACTCTCTGCTTGAAGGTTGGATGCA,P_0,92368.0,92962.0
TATCAGCCAGGACGCTACTAACTCTAACGGAGAAGGGTGACTCTA,P_2,92307.0,92599.0
GTGAGACTAGGAGGACGAATACTCTACAACCGAAGGCGGTTGATA,P_5,92065.0,92695.0
GTGAGACTAGGAGTCTGCTAACTCGCTGGATAAAGGCGACCTATA,P_3,91995.0,92782.0
GGTCATTGAGGAACCTTCAGACTCCACCATCTAAGGCACTGACAA,P_4,91951.0,92401.0
CAACCAACAGGAGGACGAATACTCTACAACCGAAGGGTGACTCTA,P_2,91204.0,91724.0
TATCAGCCAGGAGATACCGAACTCTACAACCGAAGGGTCGGTAAA,P_2,91155.0,91626.0
ATATGCGGAGGAGATACCGAACTCGGAACTGTAAGGACATCGTCA,P_0,91089.0,91748.0
CAACCAACAGGACACCTTGAACTCACAGTAGCAAGGGTCGGTAAA,P_4,91032.0,91567.0
TACCACAGAGGATTCGGTAGACTCCACCATCTAAGGGTCGGTAAA,P_4,90888.0,91409.0
TGTGGTTGAGGAAACGATGGACTCAGAATGCCAAGGGATGGTCTA,P_3,90864.0,91302.0
GTGTAAGCAGGACGACATTCACTCGCTGGATAAAGGCTGTGAACA,P_0,90607.0,91077.0
AGGTCCAAAGGACGACATTCACTCTCTGCTTGAAGGCGGTAAGTA,P_4,90527.0,90789.0
GTAATGCCAGGACGCTACTAACTCCGAACTTGAAGGTTGATGGCA,P_2,90213.0,90350.0
GTAATGCCAGGAAAGGTGACACTCTGCTATGGAAGGTGGTCTCAA,P_1,89958.0,90608.0
AGGTCCAAAGGACACCTTGAACTCCATCGTTGAAGGGATGGTCTA,P_3,89837.0,90206.0
GTGGTGATAGGAAACTGCTCACTCTCTGCTTGAAGGGTGACTCTA,P_2,89744.0,89435.0
CAACTTGCAGGAGGACGAATACTCCACCATCTAAGGCGGTAAGTA,P_4,89733.0,90015.0
AAGGCTTGAGGAGGACGAATACTCAGAATGCCAAGGTGGTCTCAA,P_1,89652.0,90186.0
GTGAGACTAGGACTTCAGCAACTCAGCATTGGAAGGGTTACGGTA,P_0,89414.0,90329.0
CGACAGTAAGGAAAGGTGACACTCAGACACCAAAGGCGGTTGATA,P_5,89381.0,89918.0
GTGTAAGCAGGACACCTTGAACTCAGGTCGTAAAGGGTCCGATTA,P_5,89161.0,89856.0
TATCAGCCAGGAAACTGCTCACTCACAGTAGCAAGGGTCGGTAAA,P_4,89128.0,89577.0
TGTGGTTGAGGAGGACGAATACTCAGACGAACAAGGCGACCTATA,P_3,89013.0,89747.0
GTGAGACTAGGAATGGTGTGACTCAGAATGCCAAGGGTGACTCTA,P_2,88899.0,89487.0
ATATGCGGAGGATTGGTAGCACTCCAGGTGAAAAGGGTGACTCTA,P_2,88888.0,89303.0
CGCTAGTTAGGAAGATGGTCACTCAGGTCGTAAAGGTTGACCACA,P_3,88872.0,89248.0
TATCCGGTAGGAGGACGAATACTCTGCTATGGAAGGTGGTCTCAA,P_1,88668.0,89471.0
GTGGTGATAGGACGACATTCACTCTATGCGACAAGGGTGACTCTA,P_2,88635.0,88839.0
CGCTAGTTAGGAGGACGAATACTCGCTGGATAAAGGCGGTAAGTA,P_4,88585.0,89131.0
TACCACAGAGGACTTCAGCAACTCACAGTAGCAAGGCGACCTATA,P_3,88584.0,89242.0
GGTCTCATAGGAGTCTGCTAACTCAGCATTGGAAGGGATGGTCTA,P_3,88190.0,88591.0
CAACTTGCAGGAGGAACCAAACTCCGCCAATAAAGGGTCGGTAAA,P_4,88160.0,88600.0
GGTTGATGAGGAAACGATGGACTCTGCTATGGAAGGGTCGGTAAA,P_4,88065.0,88481.0
TATCAGCCAGGACGACAAGAACTCGGAACTGTAAGGTGACAGTGA,P_4,87963.0,88352.0
ATACGACCAGGATACAGCAGACTCTAACGGAGAAGGGTGACTCTA,P_2,87868.0,88295.0
GTGTAAGCAGGAGATACCGAACTCTCCAGTCTAAGGCACTGACAA,P_2,87426.0,87750.0
CGGTAGAAAGGACACCTTGAACTCCGAACTTGAAGGACATCGTCA,P_0,86772.0,87198.0
AGGTCCAAAGGAGATACCGAACTCAGACGAACAAGGTGGTCTCAA,P_1,86538.0,87313.0
GTAATGCCAGGAAAGGTGACACTCTATGCGACAAGGCGACCTATA,P_3,86484.0,86947.0
CAACTTGCAGGAACCTTCAGACTCCACCATCTAAGGACATCGTCA,P_0,86077.0,86394.0
CAACTTGCAGGAGGACGAATACTCAGCATTGGAAGGTTGATGGCA,P_2,85885.0,86080.0
GTGAGACTAGGACTTCAGCAACTCTATGCGACAAGGCACTGACAA,P_4,85841.0,86133.0
GTGTAAGCAGGACGACAAGAACTCAGACACCAAAGGTGGTCTCAA,P_1,85814.0,86217.0
CAACCAACAGGAAGACCGATACTCCATCGTTGAAGGTTGATGGCA,P_2,85772.0,86155.0
ACCTCGTAAGGACTTCAGCAACTCTCTGCTTGAAGGGTGACTCTA,P_2,85469.0,85859.0
GTGAGACTAGGACACCTTGAACTCAGAATGCCAAGGCGACCTATA,P_3,85376.0,86021.0
CAACCAACAGGACGACAAGAACTCCGCCAATAAAGGAGATACCGA,P_2,85267.0,85751.0
ACTAACCGAGGACTTCAGCAACTCTGCTATGGAAGGCACTGACAA,P_4,85189.0,85418.0
GTGGTGATAGGACGCTACTAACTCTCTGGAACAAGGTTGACCACA,P_3,85171.0,85456.0
AGGTCCAAAGGACGCTACTAACTCAGAATGCCAAGGCGGTAAGTA,P_4,84902.0,85170.0
CGGTAGAAAGGAAAGGTGACACTCAGGTCGTAAAGGTGACAGTGA,P_4,84099.0,84252.0
GGTTGATGAGGATTGGTAGCACTCTCTGGAACAAGGGTTACGGTA,P_0,84058.0,84579.0
CAACCAACAGGAAACGATGGACTCTAACGGAGAAGGTGGTCTCAA,P_1,84011.0,84330.0
GTGGTGATAGGACTGCTCAAACTCAGACACCAAAGGCACTGACAA,P_4,83997.0,84299.0
GTGTAAGCAGGAAGACCGATACTCAGCATTGGAAGGTTGGATGCA,P_0,83981.0,84715.0
CGCTAGTTAGGACTTCAGCAACTCTATGCGACAAGGGATGGTCTA,P_3,83286.0,83520.0
TACCACAGAGGAGTCTGCTAACTCAGAATGCCAAGGTGGTCTCAA,P_1,83083.0,83468.0
GTGGTGATAGGAAGATGGTCACTCAGACACCAAAGGCGGTAAGTA,P_4,82974.0,83440.0
ACCTCGTAAGGAAACTGCTCACTCTGCTATGGAAGGGATGGTCTA,P_3,82633.0,82858.0
CAACCAACAGGATGGTCACTACTCAGAATGCCAAGGGTCGGTAAA,P_4,82532.0,82724.0
ACTAACCGAGGACTGCTCAAACTCTACAACCGAAGGGTGACTCTA,P_2,82507.0,82793.0
ATATGCGGAGGACACCTTGAACTCCGCCAATAAAGGCTGTGAACA,P_0,82289.0,82602.0
CAACCAACAGGAAGGCTAACACTCAGCATTGGAAGGACATCGTCA,P_0,82237.0,82710.0
GGTTGATGAGGACCATACGAACTCCATCGTTGAAGGTGGTCTCAA,P_1,82206.0,82705.0
CAACTTGCAGGAAGACCGATACTCGTGTGATGAAGGCGACCTATA,P_3,82089.0,82731.0
AGGTCCAAAGGAAGACCGATACTCCATCGTTGAAGGCACTGACAA,P_4,82064.0,82461.0
TATCAGCCAGGAAGACCGATACTCCATCGTTGAAGGCGACCTATA,P_3,81991.0,82616.0
AATGGCAGAGGAAGATGGTCACTCTCTGCTTGAAGGGTGACTCTA,P_2,81814.0,82253.0
GTGTAAGCAGGAATGGTGTGACTCAGGTCGTAAAGGCGGTTGATA,P_5,81410.0,82008.0
GTGGTGATAGGAAACTGCTCACTCTCCAGTCTAAGGCGACCTATA,P_3,81371.0,81724.0
GGTCTCATAGGATGGTCACTACTCTGCTATGGAAGGCACTGACAA,P_4,81146.0,81515.0
CAACCAACAGGAGATACCGAACTCTCTGGAACAAGGGTGACTCTA,P_2,81130.0,81346.0
GGTTGATGAGGAGGACGAATACTCGGAACTGTAAGGGACAGCATA,P_5,81122.0,81607.0
TATCAGCCAGGACCATACGAACTCCATCGTTGAAGGGATGGTCTA,P_3,81060.0,81449.0
GTGTAAGCAGGACGACAAGAACTCTACAACCGAAGGCGGTTGATA,P_5,80989.0,81663.0
TGTGGTTGAGGAAGACCGATACTCCGCCAATAAAGGACATCGTCA,P_0,80917.0,81151.0
AGGTCCAAAGGAAGACCGATACTCGCTGGATAAAGGCGACCTATA,P_3,80852.0,81410.0
CGCTAGTTAGGAACCTTCAGACTCTATGCGACAAGGGTCGGTAAA,P_4,80820.0,81007.0
ACTAACCGAGGAAAGGTGACACTCTCTGGAACAAGGCACTGACAA,P_4,80815.0,81204.0
ATCGACAGAGGACGCTACTAACTCAGACGAACAAGGCACTGACAA,P_4,80681.0,81044.0
AGGTCCAAAGGATACAGCAGACTCTCTGGAACAAGGGTCCGATTA,P_5,80520.0,80841.0
AATGGCAGAGGAGTCTGCTAACTCGCAATGACAAGGAGATACCGA,P_2,80398.0,80944.0
TACCACAGAGGAGGAACCAAACTCTCTGCTTGAAGGGTCGGTAAA,P_4,80352.0,80754.0
ATATGCGGAGGAAGACCGATACTCAGACGAACAAGGGTGACTCTA,P_2,80329.0,80672.0
TATCAGCCAGGAAACTGCTCACTCTCCAGTCTAAGGCGACCTATA,P_3,80025.0,80482.0
GGTCTCATAGGAAACTGCTCACTCCATCGTTGAAGGACATCGTCA,P_0,80008.0,80253.0
GGTCTCATAGGAATGGTGTGACTCAGCATTGGAAGGGTGACTCTA,P_2,79912.0,80250.0
GTGGTGATAGGAGGACGAATACTCGTGTGATGAAGGCGACCTATA,P_3,79444.0,79726.0
GTGAGACTAGGAGGAACCAAACTCAGAATGCCAAGGTCCTCAACA,P_3,79304.0,79563.0
GTGGTGATAGGAGATACCGAACTCCGAACTTGAAGGCGGTTGATA,P_2,79091.0,79630.0
GGTCTCATAGGACTTCAGCAACTCAGACGAACAAGGTGGTCTCAA,P_1,78969.0,79293.0
GTGAGACTAGGATTGGTAGCACTCCGAACTTGAAGGGTCCGATTA,P_5,78889.0,79449.0
CGGTAGAAAGGAAAGGTGACACTCCAGGTGAAAAGGTTGACCACA,P_3,78876.0,79365.0
ATCGACAGAGGACACCTTGAACTCAGAATGCCAAGGCGGTAAGTA,P_4,78810.0,79060.0
CGGTAGAAAGGAATGGTGTGACTCAGCATTGGAAGGGTCGGTAAA,P_4,78756.0,79040.0
GTGGTGATAGGAAACGATGGACTCAGAATGCCAAGGTCCTCAACA,P_3,78550.0,78923.0
GTGGTGATAGGAGTCTGCTAACTCAGAATGCCAAGGTGGTCTCAA,P_1,78475.0,78914.0
GTAATGCCAGGACGACAAGAACTCGTGTGATGAAGGGTTACGGTA,P_0,78456.0,78932.0
GGTCTCATAGGATACAGCAGACTCAGAATGCCAAGGGTCGGTAAA,P_4,78369.0,78633.0
ATACGACCAGGAAGACCGATACTCTCTGCTTGAAGGTGGTCTCAA,P_1,78262.0,78722.0
GTGAGACTAGGACGACATTCACTCCGAACTTGAAGGACATCGTCA,P_0,78182.0,78485.0
GTGGTGATAGGAGGAACCAAACTCGCTGGATAAAGGCACTGACAA,P_4,78041.0,78102.0
AATGGCAGAGGACGCTACTAACTCTCCAGTCTAAGGTTGATGGCA,P_2,78022.0,78576.0
GGTTGATGAGGACTTCAGCAACTCTATGCGACAAGGGTCGGTAAA,P_4,77656.0,77799.0
GGTTGATGAGGAAACTGCTCACTCCATCGTTGAAGGTGACAGTGA,P_4,77636.0,77897.0
GGTCATTGAGGACGACAAGAACTCACAGTAGCAAGGGTCGGTAAA,P_4,77556.0,76866.0
GGTCTCATAGGAAACTGCTCACTCAGCATTGGAAGGGTTACGGTA,P_0,77518.0,77786.0
GTGAGACTAGGAACCTTCAGACTCTCTGCTTGAAGGGATGGTCTA,P_3,77492.0,77802.0
TGTGGTTGAGGAGTCTGCTAACTCCGAACTTGAAGGGACAGCATA,P_5,77406.0,77839.0
GGTTGATGAGGACGACATTCACTCACAGTAGCAAGGTGGTCTCAA,P_1,77338.0,77828.0
CGGTAGAAAGGATTGGTAGCACTCTCTGGAACAAGGTGACAGTGA,P_4,77292.0,77572.0
GTGGTGATAGGAAGGCTAACACTCCACCATCTAAGGTGGTCTCAA,P_1,77146.0,77495.0
ATACGACCAGGATACAGCAGACTCTATGCGACAAGGGTCGGTAAA,P_4,77069.0,76962.0
GGTCTCATAGGACGACAAGAACTCCGAACTTGAAGGTGGTCTCAA,P_1,77063.0,77345.0
GTGAGACTAGGATTGGTAGCACTCTCCAGTCTAAGGGTGACTCTA,P_2,76920.0,77587.0
TATCCGGTAGGAAACTGCTCACTCTGCTATGGAAGGACATCGTCA,P_0,76851.0,77170.0
AAGGCTTGAGGAAACGATGGACTCAGAATGCCAAGGTGGTCTCAA,P_1,76762.0,77125.0
GGTCTCATAGGACGACAAGAACTCGCAATGACAAGGTGGTCTCAA,P_1,76753.0,77118.0
GGTTGATGAGGACGACATTCACTCCGCCAATAAAGGTGACAGTGA,P_4,76558.0,76405.0
CAACCAACAGGACCATACGAACTCAGACGAACAAGGGTCGGTAAA,P_4,76482.0,76615.0
CGCTAGTTAGGACTTCAGCAACTCCACCATCTAAGGCACTGACAA,P_4,76327.0,76442.0
TATCAGCCAGGAAGACCGATACTCCGAACTTGAAGGTGACAGTGA,P_4,76209.0,76526.0
GTGTAAGCAGGACTTCAGCAACTCCGCCAATAAAGGTTGACCACA,P_3,76177.0,76351.0
GGTCATTGAGGACCATACGAACTCGGAACTGTAAGGCGGTTGATA,P_5,76166.0,76608.0
GTGAGACTAGGATTCGGTAGACTCTCTGCTTGAAGGCGGTAAGTA,P_4,76158.0,76649.0
GTGAGACTAGGAAACGATGGACTCCACCATCTAAGGTTGACCACA,P_3,76157.0,76614.0
CGGTAGAAAGGAGATACCGAACTCAGCATTGGAAGGCACTGACAA,P_2,75904.0,76106.0
GGTTGATGAGGAGTCTGCTAACTCTCTGGAACAAGGTGGTCTCAA,P_1,75902.0,76265.0
GTGGTGATAGGAGGAACCAAACTCAGCATTGGAAGGCGACCTATA,P_3,75855.0,76373.0
GGTTGATGAGGAGGAACCAAACTCTAACGGAGAAGGCGACCTATA,P_3,75850.0,76220.0
GTAATGCCAGGACTGCTCAAACTCCGCCAATAAAGGGTCGGTAAA,P_4,75741.0,75814.0
CGCTAGTTAGGAAAGGTGACACTCACAGTAGCAAGGCACTGACAA,P_4,75712.0,75951.0
CGACAGTAAGGAAACTGCTCACTCTCCAGTCTAAGGGTTACGGTA,P_0,75581.0,75808.0
GTGTAAGCAGGAAGACCGATACTCGGAACTGTAAGGTTGATGGCA,P_2,75574.0,76332.0
GTGTAAGCAGGAGGAACCAAACTCAGACGAACAAGGTGACAGTGA,P_4,75468.0,75473.0
TGTGGTTGAGGACTTCAGCAACTCACAGTAGCAAGGTTGGATGCA,P_0,75306.0,75728.0
GTAATGCCAGGATTCGGTAGACTCCATCGTTGAAGGGATGGTCTA,P_3,75276.0,75452.0
CGGTAGAAAGGAAGGCTAACACTCCGCCAATAAAGGCACTGACAA,P_4,74946.0,75176.0
GTAATGCCAGGAAAGGTGACACTCAGAATGCCAAGGTTGATGGCA,P_2,74892.0,75351.0
AGGTCCAAAGGAAGGCATTGACTCCATCGTTGAAGGGGCATCAAA,P_2,74529.0,74896.0
ATATGCGGAGGAACCTTCAGACTCCACCATCTAAGGTGGTCTCAA,P_1,74299.0,74532.0
GTAATGCCAGGAAACGATGGACTCTACAACCGAAGGCGACCTATA,P_3,74261.0,74746.0
ATACGACCAGGACGACAAGAACTCCGCCAATAAAGGGTCGGTAAA,P_4,74168.0,74168.0
TGTGGTTGAGGAAACTGCTCACTCAGACGAACAAGGTTGGATGCA,P_0,74158.0,74791.0
GTAATGCCAGGATGGTCACTACTCTCTGGAACAAGGGTGACTCTA,P_2,74020.0,74408.0
ACTAACCGAGGACGACAAGAACTCTACAACCGAAGGAGATACCGA,P_2,73957.0,74401.0
GTGGTGATAGGACGCTACTAACTCAGGACATCAAGGCGACCTATA,P_3,73934.0,74214.0
AAGGCTTGAGGACGACAAGAACTCAGACGAACAAGGCGACCTATA,P_3,73912.0,74409.0
AGGTCCAAAGGAATGGTGTGACTCAGGTCGTAAAGGCGACCTATA,P_3,73780.0,73973.0
ATCGACAGAGGACGACATTCACTCGGAACTGTAAGGCACTGACAA,P_4,73705.0,73991.0
GGTTGATGAGGATACAGCAGACTCACAGTAGCAAGGCGACCTATA,P_3,73688.0,74158.0
ACCTCGTAAGGAACCTTCAGACTCTACAACCGAAGGGTGACTCTA,P_2,73677.0,73999.0
ACCTCGTAAGGACGACATTCACTCAGGTCGTAAAGGACATCGTCA,P_0,73648.0,73994.0
GGTTGATGAGGAAACGATGGACTCAGACACCAAAGGACATCGTCA,P_0,73620.0,73967.0
CGCTAGTTAGGACTTCAGCAACTCACAGTAGCAAGGACATCGTCA,P_0,73620.0,73657.0
GTGAGACTAGGAGGAACCAAACTCGGAACTGTAAGGCACTGACAA,P_4,73402.0,73773.0
CAACCAACAGGAGTCTGCTAACTCACAGTAGCAAGGCGACCTATA,P_3,73218.0,73581.0
ATACGACCAGGAAACTGCTCACTCGCTGGATAAAGGGTCGGTAAA,P_4,73145.0,73360.0
ATCGACAGAGGACGACATTCACTCCATCGTTGAAGGTTGATGGCA,P_2,73125.0,73570.0
GTGTAAGCAGGAAACGATGGACTCAGCATTGGAAGGTGGTCTCAA,P_1,73112.0,73510.0
ACCTCGTAAGGAAACGATGGACTCACAGTAGCAAGGACATCGTCA,P_0,72994.0,73094.0
GTGAGACTAGGAAACTGCTCACTCAGACGAACAAGGGTCCGATTA,P_5,72914.0,73098.0
GTGTAAGCAGGATTGGTAGCACTCCGAACTTGAAGGCACTGACAA,P_4,72743.0,73284.0
GGTCTCATAGGAGATACCGAACTCGCTGGATAAAGGACATCGTCA,P_0,72620.0,72903.0
GTAATGCCAGGAAACGATGGACTCGTGTGATGAAGGTGACAGTGA,P_4,72353.0,72091.0
GTGTAAGCAGGATGGTCACTACTCTCCAGTCTAAGGCGACCTATA,P_3,72328.0,72753.0
GTAATGCCAGGACTGCTCAAACTCTAACGGAGAAGGGTTACGGTA,P_0,72251.0,72370.0
ATATGCGGAGGATTCGGTAGACTCGCTGGATAAAGGCACTGACAA,P_4,72126.0,72288.0
GGTTGATGAGGACGACAAGAACTCTCTGCTTGAAGGAGATACCGA,P_2,71940.0,72285.0
ACTAACCGAGGATTGGTAGCACTCAGACGAACAAGGCGACCTATA,P_3,71933.0,72452.0
TGTGGTTGAGGATTCGGTAGACTCACAGTAGCAAGGTTGGATGCA,P_0,71897.0,72435.0
ATACGACCAGGAACCTTCAGACTCGTGTGATGAAGGCGACCTATA,P_3,71811.0,72008.0
TGTGGTTGAGGAGGACGAATACTCCACCATCTAAGGAGATACCGA,P_2,71760.0,71912.0
GTGTAAGCAGGAGGACGAATACTCCGAACTTGAAGGGACAGCATA,P_5,71738.0,72112.0
ACCTCGTAAGGATTGGTAGCACTCAGGTCGTAAAGGCACTGACAA,P_4,71689.0,71807.0
TGTGGTTGAGGAAAGGTGACACTCAGAATGCCAAGGCGACCTATA,P_3,71674.0,72071.0
TGTGGTTGAGGACGCTACTAACTCAGCATTGGAAGGGACAGCATA,P_5,71612.0,72285.0
ACCTCGTAAGGATACAGCAGACTCGCTGGATAAAGGGTCCGATTA,P_5,71588.0,71983.0
TACCACAGAGGAGTCTGCTAACTCTCTGCTTGAAGGACATCGTCA,P_0,71417.0,71860.0
GTGTAAGCAGGAAACGATGGACTCCGAACTTGAAGGCGACCTATA,P_3,71404.0,71746.0
CGGTAGAAAGGACGCTACTAACTCCATCGTTGAAGGCGGTAAGTA,P_4,71340.0,71512.0
CGGTAGAAAGGAATGGTGTGACTCTACAACCGAAGGCGGTAAGTA,P_2,71098.0,71248.0
CGCTAGTTAGGAGATACCGAACTCGCTGGATAAAGGCGACCTATA,P_2,71081.0,71018.0
ACTAACCGAGGACTGCTCAAACTCAGACACCAAAGGGTCGGTAAA,P_4,71020.0,71348.0
TACCACAGAGGAAGGCATTGACTCCAGGTGAAAAGGGATGGTCTA,P_3,70998.0,71462.0
ATACGACCAGGAAGACCGATACTCTCTGGAACAAGGGTCGGTAAA,P_4,70958.0,70897.0
GTGAGACTAGGACTTCAGCAACTCGTGTGATGAAGGTGGTCTCAA,P_1,70944.0,71305.0
CGCTAGTTAGGAGTCTGCTAACTCGTGTGATGAAGGTTGATGGCA,P_2,70935.0,71288.0
CAACTTGCAGGAGTCTGCTAACTCAGAATGCCAAGGTGACAGTGA,P_4,70856.0,71000.0
ATATGCGGAGGACTTCAGCAACTCAGACACCAAAGGGTCGGTAAA,P_4,70839.0,70986.0
CAACCAACAGGAGGACGAATACTCTCTGGAACAAGGCGACCTATA,P_3,70560.0,71109.0
TATCAGCCAGGACTTCAGCAACTCGGAACTGTAAGGGATGGTCTA,P_3,70536.0,70854.0
ATACGACCAGGAGGACGAATACTCCATCGTTGAAGGCGGTAAGTA,P_4,70396.0,70732.0
ATACGACCAGGACGACATTCACTCAGACGAACAAGGCGACCTATA,P_3,70336.0,70565.0
CGGTAGAAAGGACCATACGAACTCAGAATGCCAAGGCGGTTGATA,P_5,70135.0,70484.0
TACCACAGAGGAGGAACCAAACTCTGCTATGGAAGGCGGTAAGTA,P_4,70047.0,70581.0
GTGAGACTAGGAAGGCTAACACTCGCTGGATAAAGGGTTACGGTA,P_0,69929.0,70239.0
ACCTCGTAAGGATTGGTAGCACTCAGAATGCCAAGGCGGTTGATA,P_5,69800.0,70139.0
GGTCTCATAGGAAACTGCTCACTCTAACGGAGAAGGGATGGTCTA,P_3,69733.0,70022.0
ACCTCGTAAGGAGGAACCAAACTCGCTGGATAAAGGCACTGACAA,P_4,69696.0,69963.0
GTGTAAGCAGGACTTCAGCAACTCGTGTGATGAAGGTGACAGTGA,P_4,69686.0,69660.0
TGTGGTTGAGGACCATACGAACTCTGCTATGGAAGGTGGTCTCAA,P_1,69629.0,69794.0
GTGAGACTAGGAGTCTGCTAACTCCACCATCTAAGGCGGTTGATA,P_5,69556.0,69412.0
TATCAGCCAGGACTTCAGCAACTCTATGCGACAAGGGTCGGTAAA,P_4,69545.0,69676.0
GGTTGATGAGGATTCGGTAGACTCCAGGTGAAAAGGGTCGGTAAA,P_4,69500.0,69854.0
GGTCATTGAGGAAGACCGATACTCAGACGAACAAGGCGACCTATA,P_3,69226.0,69815.0
GTAATGCCAGGACACCTTGAACTCGGAACTGTAAGGGGCATCAAA,P_2,69126.0,68840.0
AGGTCCAAAGGATTCGGTAGACTCTCTGCTTGAAGGCACTGACAA,P_4,69049.0,69254.0
CAACCAACAGGAGTCTGCTAACTCGCAATGACAAGGGACAGCATA,P_5,68979.0,69144.0
ATATGCGGAGGAGATACCGAACTCAGGTCGTAAAGGCGACCTATA,P_2,68918.0,69425.0
GGTCATTGAGGATGGTCACTACTCGGAACTGTAAGGCGACCTATA,P_3,68908.0,69340.0
CGCTAGTTAGGACTTCAGCAACTCTACAACCGAAGGTGGTCTCAA,P_1,68850.0,68998.0
ATATGCGGAGGACGACAAGAACTCGTGTGATGAAGGTGGTCTCAA,P_1,68640.0,69109.0
GTGGTGATAGGATACAGCAGACTCTCTGCTTGAAGGAGATACCGA,P_2,68599.0,68899.0
CGGTAGAAAGGAACCTTCAGACTCAGACGAACAAGGCGGTTGATA,P_5,68485.0,68727.0
GTGGTGATAGGATTCGGTAGACTCCAGGTGAAAAGGCGGTTGATA,P_5,68291.0,68817.0
GTGAGACTAGGAACCTTCAGACTCCATCGTTGAAGGTGACAGTGA,P_4,68286.0,68620.0
ATATGCGGAGGATACAGCAGACTCAGACGAACAAGGGTGACTCTA,P_2,68247.0,68292.0
GTGGTGATAGGATTCGGTAGACTCACAGTAGCAAGGCTGTGAACA,P_0,68195.0,68478.0
ATATGCGGAGGACACCTTGAACTCAGCATTGGAAGGTCCTCAACA,P_3,68143.0,68351.0
CGACAGTAAGGAGGAACCAAACTCTATGCGACAAGGGTCGGTAAA,P_4,68070.0,68107.0
GGTCTCATAGGAAGGCATTGACTCACAGTAGCAAGGTGACAGTGA,P_4,68056.0,68141.0
GTAATGCCAGGACTGCTCAAACTCTATGCGACAAGGGTGACTCTA,P_2,68045.0,68323.0
CGGTAGAAAGGACGACATTCACTCGGAACTGTAAGGAGATACCGA,P_2,67861.0,67970.0
GGTCTCATAGGAAGACCGATACTCTACAACCGAAGGCGGTTGATA,P_5,67851.0,67978.0
ACTAACCGAGGATTCGGTAGACTCGGAACTGTAAGGGTGACTCTA,P_2,67728.0,68169.0
AGGTCCAAAGGAGGACGAATACTCTAACGGAGAAGGGTTACGGTA,P_0,67650.0,67967.0
GTGTAAGCAGGAGGAACCAAACTCTACAACCGAAGGGATGGTCTA,P_3,67426.0,67721.0
GTGGTGATAGGAAAGGTGACACTCTCCAGTCTAAGGTGGTCTCAA,P_1,67297.0,67723.0
GGTTGATGAGGATTGGTAGCACTCTGCTATGGAAGGGACAGCATA,P_5,67053.0,67495.0
CGCTAGTTAGGAGGACGAATACTCTCCAGTCTAAGGCGACCTATA,P_3,66979.0,67346.0
GGTCTCATAGGACGACAAGAACTCCGCCAATAAAGGTTGATGGCA,P_2,66932.0,67140.0
TATCCGGTAGGAATGGTGTGACTCTCTGGAACAAGGTGGTCTCAA,P_1,66866.0,67051.0
AATGGCAGAGGACTTCAGCAACTCTCTGCTTGAAGGGTGACTCTA,P_2,66835.0,67111.0
GGTTGATGAGGAGTCTGCTAACTCAGACGAACAAGGACATCGTCA,P_0,66831.0,67060.0
AGGTCCAAAGGACTGCTCAAACTCAGCATTGGAAGGGTTACGGTA,P_0,66808.0,67226.0
TGTGGTTGAGGAGTCTGCTAACTCGGAACTGTAAGGACATCGTCA,P_0,66709.0,67004.0
ATATGCGGAGGAATGGTGTGACTCACAGTAGCAAGGCACTGACAA,P_4,66667.0,66895.0
GTGGTGATAGGAGTCTGCTAACTCGCTGGATAAAGGTGGTCTCAA,P_1,66619.0,66881.0
CAACCAACAGGACACCTTGAACTCAGGTCGTAAAGGCGACCTATA,P_3,66596.0,66910.0
TGTGGTTGAGGAAACGATGGACTCAGGTCGTAAAGGGTGACTCTA,P_2,66574.0,66798.0
ACTAACCGAGGAGGACGAATACTCAGACGAACAAGGTTGACCACA,P_3,66529.0,66889.0
ACCTCGTAAGGAAGGCTAACACTCACAGTAGCAAGGTTGACCACA,P_3,66418.0,66903.0
GTGAGACTAGGAACCTTCAGACTCCATCGTTGAAGGGACAGCATA,P_5,66187.0,66484.0
GTAATGCCAGGATACAGCAGACTCAGGTCGTAAAGGCGACCTATA,P_3,65896.0,66041.0
CGGTAGAAAGGATTGGTAGCACTCTCCAGTCTAAGGCGGTTGATA,P_5,65873.0,66160.0
TATCAGCCAGGACGACATTCACTCTCTGGAACAAGGTGACAGTGA,P_4,65857.0,66116.0
GGTTGATGAGGAGGACGAATACTCCACCATCTAAGGCGACCTATA,P_3,65790.0,66106.0
AGGTCCAAAGGAAAGGTGACACTCTCTGGAACAAGGTGGTCTCAA,P_1,65678.0,65983.0
TACCACAGAGGACGACATTCACTCTATGCGACAAGGCACTGACAA,P_4,65674.0,65707.0
ATCGACAGAGGACGACAAGAACTCTGCTATGGAAGGGTGACTCTA,P_2,65452.0,65750.0
TATCCGGTAGGAGGACGAATACTCAGGACATCAAGGAGATACCGA,P_2,65407.0,65516.0
CGCTAGTTAGGAGTCTGCTAACTCACAGTAGCAAGGGTTACGGTA,P_0,65334.0,65649.0
CAACCAACAGGACTGCTCAAACTCCACCATCTAAGGGGCATCAAA,P_2,65302.0,65677.0
GTGTAAGCAGGATACAGCAGACTCTGCTATGGAAGGGATGGTCTA,P_3,65280.0,65467.0
GGTCATTGAGGAAGGCATTGACTCTATGCGACAAGGGTCGGTAAA,P_4,65154.0,65557.0
TATCAGCCAGGAAGACCGATACTCTCCAGTCTAAGGGACAGCATA,P_5,65121.0,65391.0
CAACCAACAGGACTGCTCAAACTCCGCCAATAAAGGGATGGTCTA,P_3,65057.0,65246.0
ACTAACCGAGGAAACTGCTCACTCTGCTATGGAAGGTGGTCTCAA,P_1,64932.0,65224.0
TACCACAGAGGAAACTGCTCACTCTACAACCGAAGGGACAGCATA,P_5,64876.0,65177.0
GGTCTCATAGGAAGATGGTCACTCTATGCGACAAGGCACTGACAA,P_4,64863.0,64976.0
GTGAGACTAGGAGTCTGCTAACTCCATCGTTGAAGGCTGTGAACA,P_0,64459.0,64418.0
CGACAGTAAGGAAGACCGATACTCCAGGTGAAAAGGTCCAGGATA,P_1,64430.0,64525.0
GGTCTCATAGGAGATACCGAACTCCGAACTTGAAGGGTTACGGTA,P_0,64333.0,64607.0
TACCACAGAGGACGACAAGAACTCTCCAGTCTAAGGCGACCTATA,P_3,64200.0,64710.0
CAACTTGCAGGAAAGGTGACACTCTATGCGACAAGGGATGGTCTA,P_3,64036.0,63988.0
GTGTAAGCAGGATGGTCACTACTCGCTGGATAAAGGTTGGATGCA,P_0,63952.0,64345.0
ATACGACCAGGACTTCAGCAACTCCATCGTTGAAGGACATCGTCA,P_0,63935.0,64072.0
GTAATGCCAGGAAGGCATTGACTCAGGTCGTAAAGGGTCGGTAAA,P_4,63931.0,64203.0
ACCTCGTAAGGAATGGTGTGACTCAGGTCGTAAAGGGATGGTCTA,P_3,63870.0,64147.0
CAACCAACAGGACGACAAGAACTCGGAACTGTAAGGTTGGATGCA,P_0,63778.0,63971.0
TGTGGTTGAGGAGGAACCAAACTCTAACGGAGAAGGCGACCTATA,P_3,63769.0,64065.0
TGTGGTTGAGGACGACATTCACTCTAACGGAGAAGGACATCGTCA,P_0,62983.0,63131.0
CAACCAACAGGAGGACGAATACTCGTGTGATGAAGGCTGTGAACA,P_0,62902.0,63267.0
GTGGTGATAGGACCATACGAACTCAGAATGCCAAGGAGATACCGA,P_2,62859.0,63087.0
GTAATGCCAGGAAACTGCTCACTCCATCGTTGAAGGTGACAGTGA,P_4,62714.0,62331.0
CGGTAGAAAGGAAAGGTGACACTCAGCATTGGAAGGCGACCTATA,P_3,62636.0,62885.0
CAACCAACAGGATTGGTAGCACTCCACCATCTAAGGGTCGGTAAA,P_4,62546.0,62705.0
GTGTAAGCAGGAAGGCTAACACTCGCAATGACAAGGGTTACGGTA,P_0,62512.0,62962.0
ATACGACCAGGACGCTACTAACTCGTGTGATGAAGGCGACCTATA,P_3,62434.0,62715.0
CAACTTGCAGGACGACAAGAACTCTCTGCTTGAAGGCGACCTATA,P_3,62375.0,62479.0
TACCACAGAGGATGGTCACTACTCTACAACCGAAGGGATGGTCTA,P_3,62337.0,62667.0
GTGTAAGCAGGACTGCTCAAACTCAGCATTGGAAGGGACAGCATA,P_5,62331.0,62698.0
GGTTGATGAGGACACCTTGAACTCAGGTCGTAAAGGTCCTCAACA,P_3,62196.0,62443.0
GGTCTCATAGGACGCTACTAACTCTATGCGACAAGGGACAGCATA,P_5,61977.0,62045.0
GTGAGACTAGGAAACGATGGACTCCACCATCTAAGGTGACAGTGA,P_4,61931.0,62060.0
GGTTGATGAGGATTGGTAGCACTCCGAACTTGAAGGCGGTTGATA,P_5,61921.0,61620.0
GTAATGCCAGGAAAGGTGACACTCAGCATTGGAAGGGATGGTCTA,P_3,61872.0,62247.0
GTAATGCCAGGAAGGCATTGACTCGGAACTGTAAGGGACAGCATA,P_5,61698.0,61941.0
TACCACAGAGGATTGGTAGCACTCCATCGTTGAAGGCGACCTATA,P_3,61698.0,61981.0
GGTCATTGAGGACGCTACTAACTCAGGACATCAAGGTGGTCTCAA,P_1,61684.0,61978.0
ACTAACCGAGGAAACTGCTCACTCAGGTCGTAAAGGTGGTCTCAA,P_1,61623.0,61847.0
AGGTCCAAAGGAGGACGAATACTCAGGTCGTAAAGGGACAGCATA,P_5,61613.0,62046.0
CGGTAGAAAGGAACCTTCAGACTCAGGACATCAAGGCGGTAAGTA,P_4,61610.0,61862.0
TATCAGCCAGGATACAGCAGACTCTCTGGAACAAGGCGACCTATA,P_3,61581.0,61947.0
CAACCAACAGGATTCGGTAGACTCGGAACTGTAAGGACATCGTCA,P_0,61522.0,61956.0
GTGAGACTAGGACTTCAGCAACTCAGAATGCCAAGGTGGTCTCAA,P_1,61512.0,61823.0
ATACGACCAGGAAGATGGTCACTCAGACGAACAAGGCGACCTATA,P_3,61465.0,62085.0
GTGTAAGCAGGAGGACGAATACTCAGAATGCCAAGGGACAGCATA,P_5,61273.0,61775.0
GTGAGACTAGGAAACTGCTCACTCAGGTCGTAAAGGTGGTCTCAA,P_1,61170.0,61521.0
GGTCTCATAGGACACCTTGAACTCCGAACTTGAAGGAGATACCGA,P_2,60997.0,60960.0
ACCTCGTAAGGATTCGGTAGACTCCGAACTTGAAGGCGACCTATA,P_3,60984.0,61228.0
GGTTGATGAGGAGTCTGCTAACTCTATGCGACAAGGGTCGGTAAA,P_4,60910.0,61207.0
GGTCATTGAGGACACCTTGAACTCCGAACTTGAAGGGTTACGGTA,P_0,60904.0,61179.0
GTGAGACTAGGAAGGCATTGACTCGCAATGACAAGGCGACCTATA,P_3,60868.0,61310.0
CGCTAGTTAGGAGGACGAATACTCGTGTGATGAAGGAGATACCGA,P_2,60859.0,61230.0
CGACAGTAAGGAAACTGCTCACTCGCTGGATAAAGGTGACAGTGA,P_4,60829.0,61080.0
CAACCAACAGGAAAGGTGACACTCAGACACCAAAGGCACTGACAA,P_4,60810.0,61221.0
CGGTAGAAAGGAAAGGTGACACTCTCTGGAACAAGGCACTGACAA,P_4,60768.0,60926.0
GTGTAAGCAGGATTGGTAGCACTCTATGCGACAAGGGTCGGTAAA,P_4,60716.0,60865.0
CAACTTGCAGGAAACTGCTCACTCGCTGGATAAAGGCGGTTGATA,P_5,60700.0,60925.0
CAACCAACAGGAGGAACCAAACTCGGAACTGTAAGGAGATACCGA,P_2,60529.0,60770.0
TACCACAGAGGAGGAACCAAACTCAGACACCAAAGGTGGTCTCAA,P_1,60485.0,60778.0
ATATGCGGAGGATTCGGTAGACTCGCAATGACAAGGTTGATGGCA,P_2,60450.0,60848.0
CAACCAACAGGAGGAACCAAACTCACAGTAGCAAGGTGGTCTCAA,P_1,60171.0,60341.0
GGTTGATGAGGAGGACGAATACTCTCCAGTCTAAGGCGGTTGATA,P_5,60040.0,60323.0
CGCTAGTTAGGAAGGCTAACACTCAGACGAACAAGGTGACAGTGA,P_4,59870.0,59935.0
CGGTAGAAAGGAAGGCATTGACTCGCTGGATAAAGGCGACCTATA,P_3,59828.0,59596.0
GTGAGACTAGGATTGGTAGCACTCGTGTGATGAAGGCACTGACAA,P_4,59723.0,59948.0
CAACCAACAGGAAGATGGTCACTCGTGTGATGAAGGTTGATGGCA,P_2,59499.0,59894.0
AATGGCAGAGGAACCTTCAGACTCCGCCAATAAAGGGTGACTCTA,P_2,59458.0,59744.0
GGTCATTGAGGAAACTGCTCACTCGCTGGATAAAGGCGACCTATA,P_3,59421.0,59782.0
GTGAGACTAGGACGACATTCACTCTCCAGTCTAAGGGTGACTCTA,P_2,59262.0,59670.0
TACCACAGAGGAAACTGCTCACTCCGCCAATAAAGGCGACCTATA,P_3,59240.0,59585.0
CGGTAGAAAGGAGGAACCAAACTCCGAACTTGAAGGGATGGTCTA,P_3,59240.0,59551.0
CGCTAGTTAGGAAAGGTGACACTCGGAACTGTAAGGTTGATGGCA,P_2,59225.0,59493.0
TATCCGGTAGGACGACAAGAACTCTATGCGACAAGGCACTGACAA,P_4,59150.0,59279.0
AGGTCCAAAGGATGGTCACTACTCAGACGAACAAGGCGGTTGATA,P_5,59103.0,59652.0
ACCTCGTAAGGATTGGTAGCACTCCATCGTTGAAGGAGATACCGA,P_2,59063.0,59422.0
TACCACAGAGGACGACATTCACTCAGCATTGGAAGGTGGTCTCAA,P_1,58898.0,59111.0
GGTTGATGAGGAGATACCGAACTCTGCTATGGAAGGTGGTCTCAA,P_1,58754.0,58952.0
ACCTCGTAAGGAAGGCATTGACTCTATGCGACAAGGGTCGGTAAA,P_4,58674.0,58824.0
TACCACAGAGGATTCGGTAGACTCAGCATTGGAAGGGACAGCATA,P_5,58657.0,58942.0
TACCACAGAGGAAACTGCTCACTCTCCAGTCTAAGGCACTGACAA,P_4,58656.0,58671.0
GTGTAAGCAGGAGATACCGAACTCCACCATCTAAGGCACTGACAA,P_2,58579.0,58764.0
AAGGCTTGAGGAAGACCGATACTCAGAATGCCAAGGTGACAGTGA,P_4,58578.0,58878.0
GGTCTCATAGGATGGTCACTACTCGGAACTGTAAGGGATGGTCTA,P_3,58526.0,58813.0
GGTCATTGAGGAGTCTGCTAACTCAGACGAACAAGGACATCGTCA,P_0,58521.0,58960.0
TACCACAGAGGAAGATGGTCACTCAGACGAACAAGGCTGTGAACA,P_0,58513.0,58534.0
AGGTCCAAAGGAAGGCATTGACTCAGAATGCCAAGGTCCTCAACA,P_3,58477.0,58778.0
GGTCTCATAGGAGATACCGAACTCTCTGGAACAAGGCACTGACAA,P_2,58461.0,58474.0
CGGTAGAAAGGATTGGTAGCACTCTCTGGAACAAGGTGGTCTCAA,P_1,58456.0,58709.0
CAACCAACAGGACGACATTCACTCAGAATGCCAAGGTTGGATGCA,P_0,58396.0,58750.0
GTGTAAGCAGGAGGAACCAAACTCCACCATCTAAGGCACTGACAA,P_4,58394.0,58547.0
CGGTAGAAAGGATTGGTAGCACTCCACCATCTAAGGTCCAGGATA,P_1,58382.0,58606.0
GGTCATTGAGGAAAGGTGACACTCTGCTATGGAAGGTTGATGGCA,P_2,58336.0,58142.0
CGCTAGTTAGGAAGACCGATACTCCATCGTTGAAGGAGATACCGA,P_2,58186.0,58515.0
GTGTAAGCAGGAATGGTGTGACTCTATGCGACAAGGGTGACTCTA,P_2,58186.0,57631.0
ACTAACCGAGGAAACGATGGACTCGCTGGATAAAGGTGGTCTCAA,P_1,58048.0,58385.0
CGGTAGAAAGGACACCTTGAACTCGTGTGATGAAGGCGACCTATA,P_3,57999.0,58206.0
ACCTCGTAAGGAAACGATGGACTCACAGTAGCAAGGGTCGGTAAA,P_4,57616.0,57898.0
GTGAGACTAGGAAACTGCTCACTCAGAATGCCAAGGTTGGATGCA,P_0,57597.0,57932.0
ACTAACCGAGGAGGACGAATACTCGTGTGATGAAGGGTTACGGTA,P_0,57580.0,57945.0
GTGAGACTAGGACGACAAGAACTCTCTGGAACAAGGCACTGACAA,P_4,57574.0,57687.0
AGGTCCAAAGGACGACAAGAACTCAGAATGCCAAGGTGACAGTGA,P_4,57476.0,57586.0
CAACTTGCAGGACTTCAGCAACTCAGAATGCCAAGGTCCAGGATA,P_1,57468.0,57472.0
GTGGTGATAGGAAGACCGATACTCCATCGTTGAAGGTGACAGTGA,P_4,57252.0,57150.0
ATACGACCAGGACGACAAGAACTCAGCATTGGAAGGTGGTCTCAA,P_1,57193.0,57435.0
CGGTAGAAAGGAGTCTGCTAACTCCGAACTTGAAGGGGCATCAAA,P_2,57068.0,57374.0
ATATGCGGAGGAAGATGGTCACTCCACCATCTAAGGTCCTCAACA,P_3,56817.0,56958.0
CAACCAACAGGAAGACCGATACTCACAGTAGCAAGGCGGTTGATA,P_5,56806.0,57149.0
ACTAACCGAGGACGACATTCACTCTCCAGTCTAAGGAGATACCGA,P_2,56620.0,56647.0
ATACGACCAGGAATGGTGTGACTCTAACGGAGAAGGACATCGTCA,P_0,56605.0,57031.0
TATCAGCCAGGACGACAAGAACTCAGAATGCCAAGGTTGGATGCA,P_0,56378.0,56613.0
TGTGGTTGAGGAAACGATGGACTCCATCGTTGAAGGCGGTAAGTA,P_4,56367.0,56316.0
TATCAGCCAGGATTCGGTAGACTCTCCAGTCTAAGGCGACCTATA,P_3,56328.0,56697.0
GTGGTGATAGGACTTCAGCAACTCCACCATCTAAGGTTGGATGCA,P_0,56287.0,56449.0
AGGTCCAAAGGAAACGATGGACTCGTGTGATGAAGGTTGACCACA,P_3,56284.0,56563.0
ACCTCGTAAGGATTGGTAGCACTCAGAATGCCAAGGCTGTGAACA,P_0,56282.0,56436.0
GTGAGACTAGGACTTCAGCAACTCAGAATGCCAAGGTTGATGGCA,P_2,56275.0,56520.0
GGTTGATGAGGATGGTCACTACTCTCTGCTTGAAGGGACAGCATA,P_5,56107.0,56371.0
GGTCATTGAGGAGGAACCAAACTCGGAACTGTAAGGTCCAGGATA,P_1,56075.0,56386.0
TGTGGTTGAGGAAACGATGGACTCGCAATGACAAGGGATGGTCTA,P_3,55942.0,56238.0
ATACGACCAGGAATGGTGTGACTCTCCAGTCTAAGGCACTGACAA,P_2,55905.0,55771.0
GTGAGACTAGGATGGTCACTACTCGTGTGATGAAGGTGACAGTGA,P_4,55860.0,56083.0
ATACGACCAGGAAACGATGGACTCTATGCGACAAGGTTCCACTCA,P_1,55758.0,55701.0
CGACAGTAAGGAAAGGTGACACTCAGAATGCCAAGGCGGTTGATA,P_5,55551.0,55765.0
TGTGGTTGAGGAAAGGTGACACTCTAACGGAGAAGGCGACCTATA,P_3,55435.0,55822.0
GTAATGCCAGGAGGACGAATACTCCACCATCTAAGGCGGTAAGTA,P_4,55304.0,55546.0
CAACCAACAGGATTGGTAGCACTCACAGTAGCAAGGTGACAGTGA,P_4,55288.0,55414.0
ATACGACCAGGAGATACCGAACTCCGAACTTGAAGGACATCGTCA,P_0,55219.0,55269.0
ACCTCGTAAGGAAAGGTGACACTCCACCATCTAAGGCGACCTATA,P_3,55196.0,55079.0
CAACCAACAGGATGGTCACTACTCTACAACCGAAGGCGGTTGATA,P_5,55122.0,55498.0
GGTTGATGAGGATTGGTAGCACTCCAGGTGAAAAGGAGATACCGA,P_2,55111.0,55223.0
CGCTAGTTAGGAAGATGGTCACTCAGCATTGGAAGGCACTGACAA,P_4,54856.0,55127.0
GGTCTCATAGGAATGGTGTGACTCTCTGGAACAAGGTGGTCTCAA,P_1,54840.0,55064.0
AATGGCAGAGGATTCGGTAGACTCTCTGGAACAAGGGTGACTCTA,P_2,54711.0,54878.0
GTGTAAGCAGGAACCTTCAGACTCCATCGTTGAAGGAGATACCGA,P_2,54705.0,54898.0
GGTCATTGAGGAACCTTCAGACTCAGCATTGGAAGGTTGATGGCA,P_2,54650.0,55052.0
TATCCGGTAGGAGTCTGCTAACTCTCCAGTCTAAGGTTGACCACA,P_3,54640.0,54949.0
CGCTAGTTAGGAAGGCATTGACTCGGAACTGTAAGGGATGGTCTA,P_3,54634.0,54841.0
ACCTCGTAAGGAACCTTCAGACTCTCTGCTTGAAGGCGACCTATA,P_3,54579.0,54839.0
AAGGCTTGAGGAGGAACCAAACTCGCTGGATAAAGGTTGACCACA,P_3,54481.0,54821.0
GTAATGCCAGGACTTCAGCAACTCTACAACCGAAGGGACAGCATA,P_5,54400.0,54635.0
GGTCATTGAGGATTCGGTAGACTCAGGTCGTAAAGGTGGTCTCAA,P_1,54378.0,54576.0
ACCTCGTAAGGAAGACCGATACTCAGACACCAAAGGCGGTTGATA,P_5,54357.0,54602.0
TACCACAGAGGAGGACGAATACTCTATGCGACAAGGGTCGGTAAA,P_4,54263.0,54337.0
GGTCTCATAGGAAACTGCTCACTCTCCAGTCTAAGGGTGACTCTA,P_2,54241.0,54487.0
ACCTCGTAAGGAGGAACCAAACTCAGAATGCCAAGGAGATACCGA,P_2,54205.0,54396.0
AGGTCCAAAGGAGGAACCAAACTCAGGTCGTAAAGGGTGACTCTA,P_2,54201.0,54642.0
CAACCAACAGGATTCGGTAGACTCAGACACCAAAGGTGGTCTCAA,P_1,54198.0,54359.0
ATCGACAGAGGACGCTACTAACTCGCTGGATAAAGGTGGTCTCAA,P_1,54187.0,54515.0
ATACGACCAGGACGACAAGAACTCTCTGGAACAAGGACATCGTCA,P_0,54085.0,54351.0
GTGTAAGCAGGATACAGCAGACTCCATCGTTGAAGGACATCGTCA,P_0,53953.0,54216.0
AATGGCAGAGGACGACATTCACTCTGCTATGGAAGGTTGACCACA,P_3,53831.0,54098.0
ATATGCGGAGGAAAGGTGACACTCAGACACCAAAGGAGATACCGA,P_2,53825.0,54208.0
GTGTAAGCAGGACGACATTCACTCTCCAGTCTAAGGGGCATCAAA,P_2,53670.0,54016.0
CGCTAGTTAGGACCATACGAACTCTACAACCGAAGGGACAGCATA,P_5,53557.0,53993.0
TACCACAGAGGAACCTTCAGACTCTGCTATGGAAGGTCCTCAACA,P_3,53526.0,53933.0
ATACGACCAGGAAGGCTAACACTCCGCCAATAAAGGACATCGTCA,P_0,53523.0,53635.0
CAACCAACAGGATGGTCACTACTCTGCTATGGAAGGCTGTGAACA,P_0,53417.0,53649.0
CGCTAGTTAGGAGGAACCAAACTCGCTGGATAAAGGTCCAGGATA,P_1,53379.0,53477.0
TGTGGTTGAGGATGGTCACTACTCCAGGTGAAAAGGAGATACCGA,P_2,53346.0,53579.0
TATCCGGTAGGAAGATGGTCACTCGCAATGACAAGGGACAGCATA,P_5,53337.0,53801.0
CGGTAGAAAGGACTTCAGCAACTCGCAATGACAAGGTTGATGGCA,P_2,53253.0,53393.0
TGTGGTTGAGGACGCTACTAACTCCGCCAATAAAGGCGACCTATA,P_3,53094.0,53435.0
CGCTAGTTAGGACGACATTCACTCAGACACCAAAGGACATCGTCA,P_0,53092.0,53489.0
ATCGACAGAGGAAACTGCTCACTCTGCTATGGAAGGCGGTTGATA,P_5,53086.0,53279.0
GTGTAAGCAGGACTTCAGCAACTCAGACGAACAAGGCGACCTATA,P_3,53053.0,53339.0
TACCACAGAGGAAGACCGATACTCCAGGTGAAAAGGTCCTCAACA,P_3,53015.0,53202.0
CAACTTGCAGGAAGACCGATACTCGTGTGATGAAGGGATGGTCTA,P_3,52986.0,52956.0
TGTGGTTGAGGACTGCTCAAACTCTCTGGAACAAGGTGGTCTCAA,P_1,52981.0,53331.0
GTGGTGATAGGAAGACCGATACTCAGACGAACAAGGAGATACCGA,P_2,52972.0,53278.0
AGGTCCAAAGGATTGGTAGCACTCAGGTCGTAAAGGTTGGATGCA,P_0,52971.0,53225.0
GGTCTCATAGGAGATACCGAACTCGGAACTGTAAGGTGACAGTGA,P_2,52884.0,52918.0
GTGAGACTAGGAAAGGTGACACTCTGCTATGGAAGGTGACAGTGA,P_4,52856.0,53074.0
GTGTAAGCAGGAACCTTCAGACTCTACAACCGAAGGAGATACCGA,P_2,52854.0,53266.0
AATGGCAGAGGATGGTCACTACTCGTGTGATGAAGGCGACCTATA,P_3,52715.0,52879.0
GTGGTGATAGGATACAGCAGACTCAGACGAACAAGGTGGTCTCAA,P_1,52704.0,53046.0
GGTTGATGAGGATTGGTAGCACTCAGGACATCAAGGGACAGCATA,P_5,52568.0,52952.0
ACCTCGTAAGGATTGGTAGCACTCAGACGAACAAGGAGATACCGA,P_2,52480.0,52672.0
CGCTAGTTAGGAAACGATGGACTCAGGACATCAAGGCACTGACAA,P_4,52382.0,52278.0
GTGGTGATAGGATGGTCACTACTCGCAATGACAAGGCGGTAAGTA,P_4,52368.0,52481.0
ATCGACAGAGGAAGGCATTGACTCGTGTGATGAAGGCGACCTATA,P_3,52365.0,52748.0
GTAATGCCAGGAGGACGAATACTCAGAATGCCAAGGTGACAGTGA,P_4,52347.0,52500.0
CAACCAACAGGAATGGTGTGACTCCATCGTTGAAGGCGACCTATA,P_3,52342.0,52646.0
GTAATGCCAGGATTCGGTAGACTCAGCATTGGAAGGGTCGGTAAA,P_4,52306.0,52655.0
GTGTAAGCAGGACTTCAGCAACTCGTGTGATGAAGGGTTACGGTA,P_0,52298.0,52634.0
AAGGCTTGAGGATGGTCACTACTCCGCCAATAAAGGGGCATCAAA,P_2,52256.0,52408.0
GTGGTGATAGGATGGTCACTACTCAGAATGCCAAGGCTGTGAACA,P_0,52191.0,52375.0
AATGGCAGAGGACGACATTCACTCGCTGGATAAAGGGACAGCATA,P_5,52158.0,52443.0
GTGGTGATAGGAGGAACCAAACTCGGAACTGTAAGGTGGTCTCAA,P_1,52074.0,52531.0
ATCGACAGAGGAGGACGAATACTCCGCCAATAAAGGTTGACCACA,P_3,52059.0,52202.0
CGGTAGAAAGGAAGACCGATACTCGGAACTGTAAGGTGACAGTGA,P_4,51972.0,52154.0
CGGTAGAAAGGAAGACCGATACTCTCTGGAACAAGGCTGTGAACA,P_0,51920.0,52249.0
AATGGCAGAGGAAACGATGGACTCTAACGGAGAAGGGTGACTCTA,P_2,51882.0,52012.0
AAGGCTTGAGGAAGACCGATACTCAGAATGCCAAGGTCCTCAACA,P_3,51590.0,51861.0
CAACTTGCAGGAAGGCTAACACTCTCTGCTTGAAGGAGATACCGA,P_2,51346.0,51588.0
AATGGCAGAGGAAGGCTAACACTCTATGCGACAAGGCGACCTATA,P_3,51286.0,51775.0
GTAATGCCAGGAGATACCGAACTCCGAACTTGAAGGCGACCTATA,P_2,51236.0,51477.0
ACCTCGTAAGGAGTCTGCTAACTCAGACGAACAAGGTTGATGGCA,P_2,51220.0,51481.0
CGCTAGTTAGGAATGGTGTGACTCCGCCAATAAAGGCTGTGAACA,P_0,51104.0,51086.0
GTGTAAGCAGGACGACATTCACTCAGCATTGGAAGGTTGGATGCA,P_0,51024.0,51328.0
CGACAGTAAGGAAAGGTGACACTCGGAACTGTAAGGCGACCTATA,P_3,50981.0,51258.0
CGCTAGTTAGGAACCTTCAGACTCGTGTGATGAAGGCGGTAAGTA,P_4,50899.0,51052.0
TATCCGGTAGGAACCTTCAGACTCCGCCAATAAAGGTTGATGGCA,P_2,50899.0,51219.0
GTGGTGATAGGATACAGCAGACTCTCTGGAACAAGGCACTGACAA,P_4,50862.0,50840.0
AGGTCCAAAGGATACAGCAGACTCTATGCGACAAGGTGACAGTGA,P_4,50766.0,50785.0
GTGAGACTAGGAGGACGAATACTCGTGTGATGAAGGTTGATGGCA,P_2,50684.0,50847.0
CAACTTGCAGGAAGACCGATACTCCGCCAATAAAGGGGCATCAAA,P_2,50619.0,50819.0
AATGGCAGAGGACGACAAGAACTCCGAACTTGAAGGAGATACCGA,P_2,50617.0,50910.0
ACTAACCGAGGAAGACCGATACTCTACAACCGAAGGTGGTCTCAA,P_1,50598.0,50882.0
GGTCTCATAGGAGGAACCAAACTCCGAACTTGAAGGAGATACCGA,P_2,50588.0,50629.0
GGTTGATGAGGACACCTTGAACTCAGAATGCCAAGGTTGATGGCA,P_2,50545.0,50956.0
ACCTCGTAAGGATTCGGTAGACTCTCCAGTCTAAGGCGACCTATA,P_3,50521.0,50967.0
ACCTCGTAAGGAAAGGTGACACTCGGAACTGTAAGGTCCAGGATA,P_1,50487.0,50650.0
ATATGCGGAGGAACCTTCAGACTCAGGACATCAAGGCGACCTATA,P_3,50357.0,50619.0
CAACTTGCAGGATTCGGTAGACTCTATGCGACAAGGCACTGACAA,P_4,50318.0,50505.0
CGGTAGAAAGGACACCTTGAACTCAGAATGCCAAGGCGGTAAGTA,P_4,50216.0,50422.0
CGACAGTAAGGAAAGGTGACACTCACAGTAGCAAGGCGGTTGATA,P_5,50198.0,50331.0
GGTCATTGAGGATTGGTAGCACTCCGAACTTGAAGGTTGATGGCA,P_2,50187.0,50386.0
AATGGCAGAGGAAGGCTAACACTCGTGTGATGAAGGGATGGTCTA,P_3,49997.0,49948.0
CAACCAACAGGACTGCTCAAACTCCATCGTTGAAGGTGGTCTCAA,P_1,49995.0,50199.0
GGTCATTGAGGACACCTTGAACTCTATGCGACAAGGTGGTCTCAA,P_1,49959.0,50347.0
GGTCTCATAGGAAACTGCTCACTCCGAACTTGAAGGGATGGTCTA,P_3,49939.0,50161.0
GGTCTCATAGGACCATACGAACTCTACAACCGAAGGACATCGTCA,P_0,49847.0,50071.0
GTGAGACTAGGAGGAACCAAACTCTACAACCGAAGGGGCATCAAA,P_2,49846.0,49860.0
GTGGTGATAGGAAAGGTGACACTCGCAATGACAAGGTTGATGGCA,P_2,49836.0,50110.0
AATGGCAGAGGACGACAAGAACTCTATGCGACAAGGCGACCTATA,P_3,49762.0,50163.0
ATACGACCAGGAGTCTGCTAACTCTCTGCTTGAAGGCGACCTATA,P_3,49735.0,49997.0
AAGGCTTGAGGAAGGCATTGACTCCATCGTTGAAGGAGATACCGA,P_2,49546.0,49916.0
ATCGACAGAGGAGATACCGAACTCAGACACCAAAGGGTGACTCTA,P_2,49526.0,49523.0
GTAATGCCAGGAGGACGAATACTCGTGTGATGAAGGTTGATGGCA,P_2,49483.0,49663.0
AAGGCTTGAGGAGGACGAATACTCTCTGCTTGAAGGTTGACCACA,P_3,49479.0,49720.0
TATCAGCCAGGAGTCTGCTAACTCTCTGGAACAAGGGATGGTCTA,P_3,49411.0,49680.0
CGCTAGTTAGGAGGACGAATACTCTCTGCTTGAAGGTGACAGTGA,P_4,49376.0,49431.0
CGGTAGAAAGGATACAGCAGACTCTCCAGTCTAAGGGATGGTCTA,P_3,49349.0,49494.0
CGCTAGTTAGGAGGAACCAAACTCGCTGGATAAAGGTGACAGTGA,P_4,49312.0,49420.0
AGGTCCAAAGGAGGACGAATACTCTCTGCTTGAAGGGACAGCATA,P_5,49312.0,49841.0
GGTTGATGAGGACGACATTCACTCGCAATGACAAGGAGATACCGA,P_2,49254.0,49477.0
CAACCAACAGGAAGGCATTGACTCTCCAGTCTAAGGGTTACGGTA,P_0,49230.0,49412.0
CGGTAGAAAGGAGTCTGCTAACTCCGCCAATAAAGGAGATACCGA,P_2,49198.0,49614.0
ATACGACCAGGAAACGATGGACTCACAGTAGCAAGGACATCGTCA,P_0,49165.0,49253.0
TGTGGTTGAGGAAACTGCTCACTCGCAATGACAAGGCTGTGAACA,P_0,49157.0,49267.0
CGACAGTAAGGAAACGATGGACTCTCTGCTTGAAGGGTCGGTAAA,P_4,49073.0,49082.0
CGGTAGAAAGGACTGCTCAAACTCTCCAGTCTAAGGCGACCTATA,P_3,49020.0,49183.0
GTGAGACTAGGAGGACGAATACTCTCTGCTTGAAGGGTCGGTAAA,P_4,49019.0,49333.0
GTGAGACTAGGACCATACGAACTCTCCAGTCTAAGGGGCATCAAA,P_2,48967.0,48877.0
CAACCAACAGGACTTCAGCAACTCAGCATTGGAAGGTTGATGGCA,P_2,48945.0,49150.0
ACTAACCGAGGACTGCTCAAACTCAGCATTGGAAGGTGACAGTGA,P_4,48932.0,49082.0
TACCACAGAGGAAGGCATTGACTCAGGACATCAAGGACATCGTCA,P_0,48912.0,49187.0
ATATGCGGAGGAGTCTGCTAACTCCAGGTGAAAAGGAGATACCGA,P_2,48894.0,49228.0
CAACCAACAGGACTGCTCAAACTCGTGTGATGAAGGTTCCACTCA,P_1,48862.0,48993.0
TACCACAGAGGACTGCTCAAACTCTATGCGACAAGGTGGTCTCAA,P_1,48755.0,49065.0
TGTGGTTGAGGATTGGTAGCACTCTCTGCTTGAAGGGACAGCATA,P_5,48702.0,48856.0
CAACCAACAGGACGACATTCACTCTGCTATGGAAGGTCCAGGATA,P_1,48694.0,48923.0
AATGGCAGAGGATGGTCACTACTCAGGTCGTAAAGGGATGGTCTA,P_3,48633.0,48917.0
GGTCTCATAGGAAAGGTGACACTCTATGCGACAAGGCGACCTATA,P_3,48624.0,49056.0
GTGGTGATAGGATGGTCACTACTCAGCATTGGAAGGTTGACCACA,P_3,48616.0,48953.0
TGTGGTTGAGGATACAGCAGACTCTCTGGAACAAGGGTCGGTAAA,P_4,48536.0,48657.0
CGACAGTAAGGATTCGGTAGACTCAGCATTGGAAGGGATGGTCTA,P_3,48536.0,48686.0
TATCAGCCAGGAAACTGCTCACTCTGCTATGGAAGGGATGGTCTA,P_3,48532.0,48507.0
GTGTAAGCAGGATGGTCACTACTCAGCATTGGAAGGTTGATGGCA,P_2,48503.0,48834.0
ACCTCGTAAGGATGGTCACTACTCCGAACTTGAAGGTTCCACTCA,P_1,48437.0,48746.0
ATACGACCAGGACGACATTCACTCTGCTATGGAAGGTTGGATGCA,P_0,48397.0,48786.0
GTGGTGATAGGACGACAAGAACTCCGAACTTGAAGGTGGTCTCAA,P_1,48392.0,48659.0
CGGTAGAAAGGAGTCTGCTAACTCGGAACTGTAAGGCGACCTATA,P_3,48385.0,48717.0
ATATGCGGAGGACACCTTGAACTCAGACGAACAAGGGACAGCATA,P_5,48366.0,48669.0
AAGGCTTGAGGACTTCAGCAACTCAGCATTGGAAGGTTGACCACA,P_3,48318.0,48645.0
TATCAGCCAGGATACAGCAGACTCTCTGCTTGAAGGGATGGTCTA,P_3,48265.0,48638.0
CAACCAACAGGATTGGTAGCACTCTATGCGACAAGGTTGACCACA,P_3,48117.0,48323.0
GGTCTCATAGGATACAGCAGACTCCGCCAATAAAGGGTTACGGTA,P_0,48106.0,48342.0
CAACCAACAGGATTCGGTAGACTCTCTGGAACAAGGGACAGCATA,P_5,48009.0,48233.0
GTAATGCCAGGACTTCAGCAACTCCGAACTTGAAGGTGACAGTGA,P_4,47821.0,47719.0
CAACTTGCAGGAGTCTGCTAACTCTACAACCGAAGGGTTACGGTA,P_0,47792.0,47933.0
TACCACAGAGGACCATACGAACTCGCAATGACAAGGGTTACGGTA,P_0,47685.0,47923.0
TGTGGTTGAGGAGATACCGAACTCTGCTATGGAAGGTTGACCACA,P_2,47631.0,47801.0
GTGAGACTAGGAAAGGTGACACTCTATGCGACAAGGTGGTCTCAA,P_1,47594.0,47856.0
AAGGCTTGAGGACGCTACTAACTCAGGTCGTAAAGGCGGTAAGTA,P_4,47519.0,47555.0
AATGGCAGAGGATACAGCAGACTCCGAACTTGAAGGCACTGACAA,P_4,47475.0,47470.0
CGCTAGTTAGGATACAGCAGACTCAGGTCGTAAAGGGTTACGGTA,P_0,47455.0,47738.0
AATGGCAGAGGATTGGTAGCACTCCACCATCTAAGGCACTGACAA,P_4,47438.0,47721.0
GGTTGATGAGGAGGAACCAAACTCTGCTATGGAAGGGTCGGTAAA,P_4,47158.0,47489.0
ATACGACCAGGATTCGGTAGACTCAGAATGCCAAGGCACTGACAA,P_4,46921.0,46997.0
GTGTAAGCAGGAAGACCGATACTCTCCAGTCTAAGGCGACCTATA,P_3,46722.0,47050.0
TATCCGGTAGGATTCGGTAGACTCCACCATCTAAGGTTGGATGCA,P_0,46660.0,46959.0
GTAATGCCAGGATGGTCACTACTCGGAACTGTAAGGGTTACGGTA,P_0,46345.0,46644.0
ATACGACCAGGAACCTTCAGACTCTACAACCGAAGGCGACCTATA,P_3,46304.0,46328.0
TGTGGTTGAGGATGGTCACTACTCCAGGTGAAAAGGTGACAGTGA,P_4,46228.0,46322.0
AGGTCCAAAGGACACCTTGAACTCAGGTCGTAAAGGGACAGCATA,P_5,46184.0,46506.0
GGTCATTGAGGATTGGTAGCACTCAGACACCAAAGGGGCATCAAA,P_2,46173.0,46328.0
ACCTCGTAAGGAGATACCGAACTCCGAACTTGAAGGCGACCTATA,P_2,46140.0,46330.0
TATCAGCCAGGATTCGGTAGACTCTGCTATGGAAGGCGGTAAGTA,P_4,46059.0,46252.0
CGGTAGAAAGGACTGCTCAAACTCCATCGTTGAAGGCACTGACAA,P_4,45959.0,46036.0
AATGGCAGAGGAGGACGAATACTCACAGTAGCAAGGCATACCGTA,P_1,45932.0,46147.0
AATGGCAGAGGATTGGTAGCACTCACAGTAGCAAGGTTGGATGCA,P_0,45903.0,46048.0
GTGAGACTAGGACGACAAGAACTCTCCAGTCTAAGGCGGTTGATA,P_5,45875.0,46061.0
GTGGTGATAGGAAAGGTGACACTCAGGTCGTAAAGGGGCATCAAA,P_2,45860.0,46136.0
GTGAGACTAGGAAAGGTGACACTCCACCATCTAAGGCTGTGAACA,P_0,45810.0,45940.0
AATGGCAGAGGAAGGCATTGACTCAGCATTGGAAGGTCCTCAACA,P_3,45750.0,46113.0
GGTCATTGAGGACTGCTCAAACTCCGCCAATAAAGGTTGATGGCA,P_2,45561.0,45755.0
AAGGCTTGAGGACACCTTGAACTCCACCATCTAAGGGGCATCAAA,P_2,45534.0,45667.0
ATCGACAGAGGATTCGGTAGACTCTCTGCTTGAAGGGATGGTCTA,P_3,45524.0,45878.0
ATACGACCAGGAAAGGTGACACTCAGGACATCAAGGGTTACGGTA,P_0,45511.0,45607.0
GTAATGCCAGGACGCTACTAACTCAGGTCGTAAAGGGACAGCATA,P_5,45459.0,45656.0
GTGAGACTAGGAAGGCATTGACTCCGCCAATAAAGGTGGTCTCAA,P_1,45450.0,45517.0
CGCTAGTTAGGAGGAACCAAACTCAGGACATCAAGGGTTACGGTA,P_0,45246.0,45380.0
GGTCATTGAGGAAGACCGATACTCCACCATCTAAGGCGGTAAGTA,P_4,45166.0,45339.0
CAACTTGCAGGACGCTACTAACTCGCTGGATAAAGGCGACCTATA,P_3,45111.0,45224.0
GGTCATTGAGGAGGAACCAAACTCACAGTAGCAAGGACATCGTCA,P_0,45050.0,45248.0
TGTGGTTGAGGACGACAAGAACTCCATCGTTGAAGGGTTACGGTA,P_0,45050.0,45531.0
GTGAGACTAGGAAGACCGATACTCAGGTCGTAAAGGCTGTGAACA,P_0,45033.0,45111.0
ATATGCGGAGGAAGACCGATACTCTCTGGAACAAGGTGACAGTGA,P_4,44990.0,45146.0
TGTGGTTGAGGACACCTTGAACTCAGACACCAAAGGGATGGTCTA,P_3,44980.0,45183.0
GTGTAAGCAGGAAGACCGATACTCAGCATTGGAAGGGACAGCATA,P_5,44966.0,45261.0
CGACAGTAAGGACGACAAGAACTCAGGTCGTAAAGGGTTACGGTA,P_0,44945.0,44978.0
CAACCAACAGGAGGACGAATACTCTCCAGTCTAAGGTTGACCACA,P_3,44882.0,45167.0
TATCAGCCAGGATTGGTAGCACTCAGAATGCCAAGGTTCCACTCA,P_1,44763.0,44893.0
ATATGCGGAGGACGACATTCACTCACAGTAGCAAGGGGCATCAAA,P_2,44747.0,44944.0
CAACTTGCAGGACGCTACTAACTCACAGTAGCAAGGTCCTCAACA,P_3,44733.0,44933.0
ATACGACCAGGATTCGGTAGACTCTCTGGAACAAGGGTGACTCTA,P_2,44695.0,44888.0
ATCGACAGAGGAGGACGAATACTCACAGTAGCAAGGACATCGTCA,P_0,44601.0,44900.0
CAACCAACAGGATACAGCAGACTCCACCATCTAAGGTGACAGTGA,P_4,44560.0,44501.0
TATCCGGTAGGACGACATTCACTCTGCTATGGAAGGGTTACGGTA,P_0,44510.0,44693.0
ATCGACAGAGGACGACAAGAACTCTATGCGACAAGGGTGACTCTA,P_2,44452.0,44553.0
ACCTCGTAAGGACGACATTCACTCGCTGGATAAAGGTTGACCACA,P_3,44368.0,44538.0
GTGAGACTAGGATGGTCACTACTCGCTGGATAAAGGTCCTCAACA,P_3,44314.0,44452.0
ATACGACCAGGAAGACCGATACTCGGAACTGTAAGGGTAACCGAA,P_5,44258.0,44554.0
CAACCAACAGGAGGACGAATACTCTACAACCGAAGGACATCGTCA,P_0,44219.0,44219.0
GGTTGATGAGGAACCTTCAGACTCAGACACCAAAGGGATGGTCTA,P_3,44190.0,44500.0
GTGAGACTAGGATACAGCAGACTCAGCATTGGAAGGGATGGTCTA,P_3,44174.0,44378.0
GGTTGATGAGGACTGCTCAAACTCCGCCAATAAAGGGGCATCAAA,P_2,44101.0,44418.0
GTAATGCCAGGACGACAAGAACTCGCTGGATAAAGGGATGGTCTA,P_3,44036.0,44272.0
AATGGCAGAGGACGACAAGAACTCGCAATGACAAGGAGATACCGA,P_2,44020.0,44071.0
TACCACAGAGGAGGAACCAAACTCCATCGTTGAAGGAGATACCGA,P_2,43992.0,44228.0
ATACGACCAGGACTGCTCAAACTCGCAATGACAAGGTTGGATGCA,P_0,43990.0,44138.0
TATCAGCCAGGAACCTTCAGACTCGGAACTGTAAGGTCCAGGATA,P_1,43989.0,44181.0
GGTTGATGAGGAGTCTGCTAACTCAGACGAACAAGGGTAACCGAA,P_5,43979.0,44351.0
GTGTAAGCAGGACGACATTCACTCTAACGGAGAAGGCTGTGAACA,P_0,43946.0,44167.0
TGTGGTTGAGGACGACATTCACTCCACCATCTAAGGCGGTAAGTA,P_4,43932.0,44096.0
AGGTCCAAAGGATTGGTAGCACTCGCTGGATAAAGGTCCAGGATA,P_1,43920.0,44063.0
CGGTAGAAAGGACGACAAGAACTCTACAACCGAAGGCGGTAAGTA,P_4,43813.0,44018.0
CGCTAGTTAGGATTCGGTAGACTCCGAACTTGAAGGTTGATGGCA,P_2,43726.0,43902.0
GTGTAAGCAGGAGGACGAATACTCAGGTCGTAAAGGCTGTGAACA,P_0,43654.0,43997.0
TATCAGCCAGGAACCTTCAGACTCTACAACCGAAGGAGATACCGA,P_2,43649.0,43772.0
TATCCGGTAGGACGCTACTAACTCTGCTATGGAAGGGGCATCAAA,P_2,43619.0,43761.0
CGCTAGTTAGGAGATACCGAACTCAGGTCGTAAAGGCGACCTATA,P_2,43594.0,43907.0
GTAATGCCAGGACACCTTGAACTCCATCGTTGAAGGCTGTGAACA,P_0,43591.0,43618.0
GTGAGACTAGGAGTCTGCTAACTCAGACACCAAAGGGACAGCATA,P_5,43547.0,43836.0
GTGAGACTAGGACGCTACTAACTCTATGCGACAAGGTGGTCTCAA,P_1,43517.0,43642.0
CGGTAGAAAGGACTGCTCAAACTCCGCCAATAAAGGGACAGCATA,P_5,43424.0,43680.0
ATACGACCAGGAAAGGTGACACTCGCAATGACAAGGTTGACCACA,P_3,43397.0,43680.0
GGTTGATGAGGACGACATTCACTCGGAACTGTAAGGAGATACCGA,P_2,43397.0,43645.0
AGGTCCAAAGGAAGACCGATACTCACAGTAGCAAGGGACAGCATA,P_5,43351.0,43660.0
CGCTAGTTAGGAACCTTCAGACTCCACCATCTAAGGTTCCACTCA,P_1,43221.0,43125.0
CAACTTGCAGGAAACTGCTCACTCCACCATCTAAGGTCCTCAACA,P_3,43164.0,43252.0
GGTCTCATAGGAGGAACCAAACTCGCAATGACAAGGTCCAGGATA,P_1,43134.0,43314.0
GGTCTCATAGGACTGCTCAAACTCAGACGAACAAGGTTGACCACA,P_3,42959.0,43166.0
AATGGCAGAGGACCATACGAACTCCGAACTTGAAGGACATCGTCA,P_0,42898.0,43102.0
GTGAGACTAGGAAGGCATTGACTCAGACACCAAAGGTCCTCAACA,P_3,42834.0,42893.0
TATCAGCCAGGAAACTGCTCACTCTCTGCTTGAAGGTTGACCACA,P_3,42815.0,42953.0
GGTCTCATAGGAAAGGTGACACTCAGCATTGGAAGGTTGACCACA,P_3,42797.0,42985.0
ACCTCGTAAGGAAGGCTAACACTCTCTGGAACAAGGAGATACCGA,P_2,42723.0,42808.0
AGGTCCAAAGGAGGACGAATACTCGCAATGACAAGGCTGTGAACA,P_0,42502.0,42559.0
CAACCAACAGGATACAGCAGACTCAGAATGCCAAGGCGGTAAGTA,P_4,42497.0,42489.0
GTGTAAGCAGGACTGCTCAAACTCACAGTAGCAAGGCTGTGAACA,P_0,42478.0,42664.0
ACTAACCGAGGATTCGGTAGACTCTGCTATGGAAGGTTGATGGCA,P_2,42433.0,42668.0
GTAATGCCAGGAGTCTGCTAACTCAGGTCGTAAAGGTTGACCACA,P_3,42283.0,42448.0
GTGAGACTAGGACGCTACTAACTCAGGACATCAAGGACATCGTCA,P_0,42279.0,42581.0
TATCCGGTAGGACGACATTCACTCTACAACCGAAGGCGACCTATA,P_3,42223.0,42416.0
ATATGCGGAGGAAGGCATTGACTCTGCTATGGAAGGCGGTAAGTA,P_4,42197.0,42314.0
TATCAGCCAGGAAACGATGGACTCAGGACATCAAGGTGACAGTGA,P_4,42073.0,42198.0
GTGAGACTAGGAAACTGCTCACTCAGAATGCCAAGGGGCATCAAA,P_2,42011.0,42098.0
ATATGCGGAGGATACAGCAGACTCTCCAGTCTAAGGGATGGTCTA,P_3,41966.0,42252.0
ATACGACCAGGATTGGTAGCACTCTCTGGAACAAGGGTTACGGTA,P_0,41941.0,42211.0
CGGTAGAAAGGAATGGTGTGACTCGCTGGATAAAGGGTTACGGTA,P_0,41799.0,41909.0
CAACCAACAGGATTGGTAGCACTCAGAATGCCAAGGCTGTGAACA,P_0,41711.0,41800.0
GTGTAAGCAGGAGGACGAATACTCCACCATCTAAGGTTGACCACA,P_3,41702.0,41956.0
GTGAGACTAGGAAAGGTGACACTCGCAATGACAAGGGTTACGGTA,P_0,41559.0,41542.0
GGTTGATGAGGACTGCTCAAACTCAGGTCGTAAAGGTTGATGGCA,P_2,41508.0,41759.0
CGGTAGAAAGGACTTCAGCAACTCTACAACCGAAGGCGGTAAGTA,P_4,41432.0,41603.0
CGCTAGTTAGGAAAGGTGACACTCAGACACCAAAGGAGATACCGA,P_2,41416.0,41351.0
CGACAGTAAGGAGGACGAATACTCGTGTGATGAAGGACATCGTCA,P_0,41388.0,41504.0
TATCCGGTAGGACTGCTCAAACTCTACAACCGAAGGGATGGTCTA,P_3,41341.0,41537.0
GTGTAAGCAGGAACCTTCAGACTCAGAATGCCAAGGTTGATGGCA,P_2,41331.0,41540.0
GGTTGATGAGGAATGGTGTGACTCAGCATTGGAAGGCGACCTATA,P_3,41204.0,41624.0
CGACAGTAAGGAGGAACCAAACTCTACAACCGAAGGAGATACCGA,P_2,41193.0,41367.0
ATACGACCAGGAAACGATGGACTCCACCATCTAAGGTGGTCTCAA,P_1,41136.0,41232.0
GTGTAAGCAGGACTGCTCAAACTCAGAATGCCAAGGCGGTAAGTA,P_4,41120.0,41358.0
ATATGCGGAGGAAGATGGTCACTCAGACGAACAAGGTTGGATGCA,P_0,41086.0,41294.0
CAACTTGCAGGAAACGATGGACTCTGCTATGGAAGGTTGATGGCA,P_2,41072.0,41050.0
GTAATGCCAGGAACCTTCAGACTCAGCATTGGAAGGTTGACCACA,P_3,40967.0,41105.0
TGTGGTTGAGGAGATACCGAACTCCGAACTTGAAGGACATCGTCA,P_0,40964.0,41015.0
CGACAGTAAGGAAGACCGATACTCCACCATCTAAGGCACTGACAA,P_4,40941.0,41007.0
CAACCAACAGGAGGACGAATACTCCGAACTTGAAGGTTGATGGCA,P_2,40889.0,40961.0
CGGTAGAAAGGAGGAACCAAACTCCGAACTTGAAGGCTGTGAACA,P_0,40869.0,41148.0
ATATGCGGAGGACGCTACTAACTCGTGTGATGAAGGCGACCTATA,P_3,40829.0,41124.0
CGACAGTAAGGAGATACCGAACTCTAACGGAGAAGGCACTGACAA,P_2,40823.0,40900.0
GGTCTCATAGGATACAGCAGACTCCATCGTTGAAGGTCCAGGATA,P_1,40818.0,40570.0
GTGTAAGCAGGAATGGTGTGACTCAGGACATCAAGGACATCGTCA,P_0,40692.0,40861.0
ATCGACAGAGGATACAGCAGACTCACAGTAGCAAGGTGACAGTGA,P_4,40647.0,40415.0
CGACAGTAAGGAAGGCATTGACTCGCTGGATAAAGGACATCGTCA,P_0,40643.0,40738.0
ATACGACCAGGAAGACCGATACTCTACAACCGAAGGTTGACCACA,P_3,40626.0,40554.0
AGGTCCAAAGGACGACAAGAACTCGTGTGATGAAGGTTGGATGCA,P_0,40609.0,40855.0
CGGTAGAAAGGATTCGGTAGACTCTCTGCTTGAAGGTTGATGGCA,P_2,40601.0,40784.0
GGTTGATGAGGAGGACGAATACTCGCTGGATAAAGGTTGATGGCA,P_2,40592.0,40779.0
GTGAGACTAGGACGACATTCACTCAGACGAACAAGGGTTACGGTA,P_0,40482.0,40602.0
GTAATGCCAGGAACCTTCAGACTCTATGCGACAAGGGTGACTCTA,P_2,40479.0,40615.0
GTGAGACTAGGAGATACCGAACTCGGAACTGTAAGGAGATACCGA,P_2,40419.0,40593.0
GTGTAAGCAGGAAGGCTAACACTCGCAATGACAAGGTTCCACTCA,P_1,40365.0,40502.0
AGGTCCAAAGGAATGGTGTGACTCGGAACTGTAAGGCGGTAAGTA,P_4,40249.0,40440.0
GTGGTGATAGGAAGATGGTCACTCAGACGAACAAGGTTGACCACA,P_3,40247.0,40188.0
TATCAGCCAGGAAGACCGATACTCTCTGGAACAAGGGACAGCATA,P_5,40243.0,40504.0
AATGGCAGAGGACGACAAGAACTCCGAACTTGAAGGCGGTAAGTA,P_4,40112.0,40328.0
TATCCGGTAGGACGACAAGAACTCAGAATGCCAAGGTCCTCAACA,P_3,40065.0,40372.0
GTGTAAGCAGGACACCTTGAACTCTGCTATGGAAGGCGGTAAGTA,P_4,40050.0,40344.0
AATGGCAGAGGATTGGTAGCACTCCGAACTTGAAGGGATGGTCTA,P_3,40031.0,40343.0
ATACGACCAGGAACCTTCAGACTCACAGTAGCAAGGCGACCTATA,P_3,40016.0,40119.0
ATATGCGGAGGAAAGGTGACACTCAGACGAACAAGGCGGTAAGTA,P_4,40014.0,40242.0
GTGTAAGCAGGACGACATTCACTCAGAATGCCAAGGTTGATGGCA,P_2,39930.0,39987.0
GTGAGACTAGGACTTCAGCAACTCCGAACTTGAAGGACATCGTCA,P_0,39889.0,40145.0
CAACCAACAGGAACCTTCAGACTCAGGTCGTAAAGGCTGTGAACA,P_0,39625.0,39718.0
AAGGCTTGAGGATTGGTAGCACTCCATCGTTGAAGGTTGATGGCA,P_2,39621.0,39778.0
ATACGACCAGGAAACTGCTCACTCGTGTGATGAAGGTCCAGGATA,P_1,39564.0,39720.0
CGACAGTAAGGAGGACGAATACTCACAGTAGCAAGGGATGGTCTA,P_3,39528.0,39197.0
ATATGCGGAGGACGACATTCACTCAGAATGCCAAGGGACAGCATA,P_5,39517.0,39860.0
ATACGACCAGGAAGACCGATACTCTATGCGACAAGGTGGTCTCAA,P_1,39325.0,39455.0
CGCTAGTTAGGAAAGGTGACACTCAGGACATCAAGGTCCTCAACA,P_3,39309.0,39469.0
GTAATGCCAGGAGTCTGCTAACTCGGAACTGTAAGGAGATACCGA,P_2,39275.0,39460.0
TGTGGTTGAGGAAGACCGATACTCTCTGGAACAAGGGGCATCAAA,P_2,39072.0,39078.0
GTGTAAGCAGGAACCTTCAGACTCTGCTATGGAAGGGATGGTCTA,P_3,38998.0,39144.0
GTAATGCCAGGAGATACCGAACTCCATCGTTGAAGGTGACAGTGA,P_2,38871.0,38786.0
CGACAGTAAGGAAACTGCTCACTCGCTGGATAAAGGGTCGGTAAA,P_4,38868.0,38618.0
TGTGGTTGAGGAAAGGTGACACTCCGAACTTGAAGGTTGATGGCA,P_2,38865.0,39097.0
GGTCATTGAGGAGTCTGCTAACTCTCCAGTCTAAGGGGCATCAAA,P_2,38847.0,38649.0
ACTAACCGAGGATACAGCAGACTCTATGCGACAAGGCACTGACAA,P_4,38798.0,38939.0
GGTTGATGAGGAGTCTGCTAACTCTACAACCGAAGGCACTGACAA,P_4,38707.0,38881.0
ATATGCGGAGGACTGCTCAAACTCTCTGGAACAAGGCGACCTATA,P_3,38680.0,38822.0
CGACAGTAAGGAGTCTGCTAACTCTCTGCTTGAAGGACATCGTCA,P_0,38644.0,38774.0
GTGTAAGCAGGACGACAAGAACTCACAGTAGCAAGGCGACCTATA,P_3,38553.0,38898.0
TACCACAGAGGAGGAACCAAACTCAGGTCGTAAAGGAGATACCGA,P_2,38436.0,38580.0
GTGAGACTAGGAGGACGAATACTCAGACGAACAAGGCATACCGTA,P_1,38433.0,38647.0
GGTTGATGAGGACCATACGAACTCTACAACCGAAGGTGACAGTGA,P_4,38394.0,38406.0
TACCACAGAGGACTTCAGCAACTCTACAACCGAAGGTTGATGGCA,P_2,38249.0,38354.0
TATCAGCCAGGAGATACCGAACTCCGCCAATAAAGGCGGTAAGTA,P_2,38212.0,38392.0
GTGGTGATAGGAAGGCTAACACTCAGACGAACAAGGTTGACCACA,P_3,38191.0,38338.0
CGGTAGAAAGGACGACATTCACTCCACCATCTAAGGTGGTCTCAA,P_1,38134.0,38173.0
TGTGGTTGAGGAACCTTCAGACTCGGAACTGTAAGGTTGACCACA,P_3,38056.0,38211.0
GTGTAAGCAGGAACCTTCAGACTCGTGTGATGAAGGCGGTAAGTA,P_4,38029.0,38245.0
GGTCATTGAGGACGCTACTAACTCTAACGGAGAAGGGACAGCATA,P_5,38024.0,38156.0
AGGTCCAAAGGACTTCAGCAACTCACAGTAGCAAGGTTGACCACA,P_3,37931.0,38197.0
TACCACAGAGGACGACATTCACTCTACAACCGAAGGCGGTAAGTA,P_4,37918.0,38111.0
GTAATGCCAGGAGTCTGCTAACTCTACAACCGAAGGGTAACCGAA,P_5,37873.0,38125.0
CAACCAACAGGAGGACGAATACTCAGAATGCCAAGGTTGATGGCA,P_2,37859.0,38124.0
ATACGACCAGGAAACGATGGACTCAGAATGCCAAGGGGCATCAAA,P_2,37843.0,38127.0
GGTCTCATAGGAAGGCTAACACTCCACCATCTAAGGGTTACGGTA,P_0,37836.0,38051.0
ATACGACCAGGAGATACCGAACTCTCTGGAACAAGGCACTGACAA,P_2,37820.0,37716.0
AATGGCAGAGGACTGCTCAAACTCTACAACCGAAGGGTGACTCTA,P_2,37781.0,37908.0
ATCGACAGAGGATTCGGTAGACTCTACAACCGAAGGGTCGGTAAA,P_4,37733.0,37868.0
GGTCATTGAGGACGACAAGAACTCGCAATGACAAGGTTGATGGCA,P_2,37672.0,37865.0
TGTGGTTGAGGACGCTACTAACTCAGAATGCCAAGGTCCAGGATA,P_1,37649.0,37747.0
ATCGACAGAGGAAGGCATTGACTCAGAATGCCAAGGCGACCTATA,P_3,37575.0,37598.0
GGTCTCATAGGAAGATGGTCACTCGCAATGACAAGGTTGATGGCA,P_2,37509.0,37667.0
AGGTCCAAAGGACGACAAGAACTCACAGTAGCAAGGTGACAGTGA,P_4,37410.0,37375.0
CAACCAACAGGACTGCTCAAACTCGCTGGATAAAGGGGCATCAAA,P_2,37333.0,37499.0
CGACAGTAAGGAAAGGTGACACTCAGGTCGTAAAGGGATGGTCTA,P_3,37256.0,37364.0
TACCACAGAGGAGGAACCAAACTCTACAACCGAAGGAGATACCGA,P_2,37117.0,37267.0
CAACCAACAGGAAGGCTAACACTCCGCCAATAAAGGTTGATGGCA,P_2,37062.0,36927.0
CGGTAGAAAGGACTTCAGCAACTCCATCGTTGAAGGTTGACCACA,P_3,37054.0,37098.0
ATACGACCAGGAACCTTCAGACTCAGCATTGGAAGGCGGTAAGTA,P_4,37039.0,37155.0
GTGGTGATAGGACGCTACTAACTCTCTGCTTGAAGGAGATACCGA,P_2,37025.0,37226.0
AAGGCTTGAGGACGACATTCACTCAGACGAACAAGGCACTGACAA,P_4,36948.0,37055.0
GTGGTGATAGGACGACAAGAACTCTCTGGAACAAGGAGATACCGA,P_2,36888.0,37099.0
TACCACAGAGGACGCTACTAACTCTGCTATGGAAGGCTGTGAACA,P_0,36875.0,36958.0
GGTCATTGAGGAGGAACCAAACTCTCTGCTTGAAGGTTGGATGCA,P_0,36861.0,37115.0
CGGTAGAAAGGATACAGCAGACTCTACAACCGAAGGTGGTCTCAA,P_1,36838.0,36936.0
ATACGACCAGGAAGGCATTGACTCTCCAGTCTAAGGGATGGTCTA,P_3,36746.0,36801.0
GGTCTCATAGGACACCTTGAACTCGTGTGATGAAGGGTAACCGAA,P_5,36707.0,36891.0
AATGGCAGAGGACACCTTGAACTCCAGGTGAAAAGGGATGGTCTA,P_3,36638.0,36636.0
ATACGACCAGGACTGCTCAAACTCTCCAGTCTAAGGTCCAGGATA,P_1,36523.0,36646.0
ACCTCGTAAGGATTCGGTAGACTCAGCATTGGAAGGTGACAGTGA,P_4,36493.0,36414.0
CGGTAGAAAGGAAGACCGATACTCCGAACTTGAAGGTCCAGGATA,P_1,36485.0,36557.0
TACCACAGAGGAAACGATGGACTCTCCAGTCTAAGGCTGTGAACA,P_0,36425.0,36666.0
ACTAACCGAGGATTCGGTAGACTCAGCATTGGAAGGCGACCTATA,P_3,36394.0,36610.0
ATATGCGGAGGATTCGGTAGACTCAGACGAACAAGGGATGGTCTA,P_3,36343.0,36636.0
ATACGACCAGGAGTCTGCTAACTCCATCGTTGAAGGTTGGATGCA,P_0,36287.0,36472.0
GTAATGCCAGGACGACATTCACTCAGCATTGGAAGGTTGACCACA,P_3,36270.0,36449.0
GTGGTGATAGGAAGACCGATACTCAGACACCAAAGGCTGTGAACA,P_0,36195.0,36296.0
CGGTAGAAAGGAAACGATGGACTCAGAATGCCAAGGAGATACCGA,P_2,36019.0,36114.0
GGTCATTGAGGACTGCTCAAACTCGGAACTGTAAGGTTGATGGCA,P_2,36005.0,36091.0
AATGGCAGAGGAAAGGTGACACTCCAGGTGAAAAGGACATCGTCA,P_0,35901.0,36065.0
TATCCGGTAGGAAGGCTAACACTCGGAACTGTAAGGTTGACCACA,P_3,35829.0,36011.0
TGTGGTTGAGGAGTCTGCTAACTCTGCTATGGAAGGTTGATGGCA,P_2,35805.0,35949.0
ATCGACAGAGGAAACTGCTCACTCTCCAGTCTAAGGCGGTTGATA,P_5,35746.0,35863.0
GGTCATTGAGGAAACGATGGACTCTCCAGTCTAAGGGATGGTCTA,P_3,35591.0,35732.0
CAACCAACAGGACGACATTCACTCAGCATTGGAAGGCGGTAAGTA,P_4,35555.0,35489.0
CGGTAGAAAGGATTCGGTAGACTCCGCCAATAAAGGGGCATCAAA,P_2,35516.0,35448.0
GGTCTCATAGGACGACATTCACTCTCTGCTTGAAGGAGATACCGA,P_2,35440.0,35632.0
